Beginning Data Collection for Model Comparisons...,,,,,,
aruco_approx_dist.py Test Case 5,,,,,,
marker size: 45,,,,,,
theta_fov: 1.416,,,,,,
image width: 640,,,,,,
calibrated pixel approx: d=14430m_px^-0.958,,,,,,
-----------------------------------------,,,,,,
True Dist [mm], RS Meas Dist [mm], RS Error [%], Pixel Approx Dist Theoretical [mm], Pixel Theo Error [%], Pixel Approx Dist Calib [mm], Pixel Calib Error [%]
200,200,0,194.87,-2.5646,201.56,0.7784
200,200,0,196.01,-1.9942,202.69,1.3434
200,200,0,195.47,-2.2668,202.15,1.0733
200,200,0,195.47,-2.2671,202.15,1.0731
200,200,0,195.42,-2.2878,202.09,1.0474
200,200,0,195.42,-2.2902,202.1,1.0502
200,200,0,193.7,-3.1506,200.4,0.1976
200,200,0,194.92,-2.5384,201.61,0.8043
200,200,0,194.92,-2.5384,201.61,0.8043
200,200,0,195.47,-2.2668,202.15,1.0733
200,200,0,196.01,-1.9942,202.69,1.3434
200,200,0,194.92,-2.5384,201.61,0.8043
200,200,0,195.36,-2.3198,202.04,1.0208
200,200,0,194.87,-2.5646,201.56,0.7784
200,200,0,195.36,-2.3198,202.04,1.0208
200,200,0,195.47,-2.2671,202.15,1.0731
200,200,0,195.36,-2.3198,202.04,1.0208
200,200,0,194.87,-2.5646,201.56,0.7784
200,200,0,194.88,-2.5612,201.56,0.7817
200,200,0,195.47,-2.2668,202.15,1.0733
200,200,0,195.42,-2.2902,202.1,1.0502
200,200,0,194.88,-2.5615,201.56,0.7814
200,200,0,194.92,-2.5384,201.61,0.8043
200,200,0,195.42,-2.2902,202.1,1.0502
200,200,0,195.47,-2.2671,202.15,1.0731
200,200,0,194.92,-2.5384,201.61,0.8043
200,200,0,195.36,-2.3175,202.04,1.018
200,200,0,194.33,-2.8342,201.02,0.5112
200,200,0,195.42,-2.2902,202.1,1.0502
200,200,0,195.41,-2.2933,202.09,1.0471
200,200,0,196.01,-1.9942,202.69,1.3434
200,200,0,194.33,-2.8342,201.02,0.5112
200,200,0,194.87,-2.5646,201.56,0.7784
200,200,0,194.83,-2.5874,201.51,0.7558
200,200,0,194.92,-2.5384,201.61,0.8043
200,200,0,194.34,-2.831,201.03,0.5144
200,200,0,194.33,-2.8342,201.02,0.5112
200,200,0,195.97,-2.0154,202.63,1.3172
200,200,0,195.36,-2.3198,202.04,1.0208
200,200,0,195.96,-2.0208,202.63,1.3171
200,200,0,194.83,-2.5874,201.51,0.7558
200,200,0,195.47,-2.2671,202.15,1.0731
200,200,0,196.01,-1.9942,202.69,1.3434
200,200,0,195.47,-2.2671,202.15,1.0731
200,200,0,194.92,-2.5384,201.61,0.8043
200,200,0,194.92,-2.5384,201.61,0.8043
200,200,0,194.87,-2.5646,201.56,0.7784
200,200,0,196.01,-1.9942,202.69,1.3434
200,200,0,194.92,-2.5384,201.61,0.8043
200,200,0,194.29,-2.857,200.98,0.4886
200,200,0,194.88,-2.5615,201.56,0.7814
200,200,0,195.47,-2.2671,202.15,1.0731
200,200,0,195.42,-2.2902,202.1,1.0502
200,200,0,195.47,-2.2668,202.15,1.0733
200,200,0,195.42,-2.2902,202.1,1.0502
200,200,0,194.92,-2.5384,201.61,0.8043
200,200,0,195.41,-2.2935,202.09,1.047
200,200,0,196.01,-1.9942,202.69,1.3434
200,200,0,194.34,-2.8311,201.03,0.5142
200,200,0,195.42,-2.2902,202.1,1.0502
200,200,0,195.47,-2.2671,202.15,1.0731
200,200,0,195.47,-2.2671,202.15,1.0731
200,200,0,194.92,-2.5384,201.61,0.8043
200,200,0,194.92,-2.5384,201.61,0.8043
200,200,0,195.47,-2.2671,202.15,1.0731
200,200,0,194.92,-2.5384,201.61,0.8043
200,200,0,195.42,-2.2902,202.1,1.0502
200,200,0,195.47,-2.2671,202.15,1.0731
200,200,0,195.47,-2.2671,202.15,1.0731
200,200,0,195.47,-2.2668,202.15,1.0733
200,200,0,195.96,-2.0208,202.63,1.3171
200,200,0,194.92,-2.5384,201.61,0.8043
200,200,0,195.47,-2.2668,202.15,1.0733
200,200,0,194.88,-2.5612,201.56,0.7817
200,200,0,195.47,-2.2668,202.15,1.0733
200,200,0,195.42,-2.2902,202.1,1.0502
200,200,0,194.83,-2.5874,201.51,0.7558
200,200,0,195.47,-2.2671,202.15,1.0731
200,200,0,195.47,-2.2671,202.15,1.0731
200,200,0,194.92,-2.5384,201.61,0.8043
200,200,0,194.83,-2.5874,201.51,0.7558
200,200,0,194.92,-2.5384,201.61,0.8043
200,200,0,195.42,-2.2902,202.1,1.0502
200,200,0,194.88,-2.5615,201.56,0.7814
200,200,0,194.87,-2.5646,201.56,0.7784
200,200,0,195.47,-2.2671,202.15,1.0731
200,200,0,194.88,-2.5615,201.56,0.7814
200,200,0,195.97,-2.0154,202.63,1.3172
200,200,0,194.82,-2.5877,201.51,0.7554
200,200,0,195.47,-2.2671,202.15,1.0731
200,200,0,194.82,-2.5906,201.51,0.7525
200,200,0,195.47,-2.2671,202.15,1.0731
200,200,0,195.41,-2.2935,202.09,1.047
200,200,0,194.34,-2.831,201.03,0.5144
200,200,0,194.29,-2.857,200.98,0.4886
200,200,0,195.47,-2.2671,202.15,1.0731
200,200,0,194.87,-2.5646,201.56,0.7784
200,200,0,195.42,-2.2902,202.1,1.0502
200,200,0,195.41,-2.2933,202.09,1.0471
200,200,0,195.42,-2.2902,202.1,1.0502
300,297,-1,294.74,-1.7531,299.61,-0.1285
300,297,-1,293.38,-2.2071,298.29,-0.5707
300,297,-1,296.09,-1.3025,300.93,0.3103
300,297,-1,294.74,-1.7531,299.61,-0.1285
300,297,-1,293.38,-2.2071,298.29,-0.5707
300,297,-1,294.74,-1.7531,299.61,-0.1285
300,297,-1,296.09,-1.3025,300.93,0.3103
300,297,-1,294.74,-1.7531,299.61,-0.1285
300,297,-1,294.74,-1.7531,299.61,-0.1285
300,297,-1,294.74,-1.7531,299.61,-0.1285
300,297,-1,294.74,-1.7531,299.61,-0.1285
300,297,-1,293.38,-2.2071,298.29,-0.5707
300,297,-1,294.74,-1.7531,299.61,-0.1285
300,297,-1,294.74,-1.7531,299.61,-0.1285
300,297,-1,294.74,-1.7531,299.61,-0.1285
300,297,-1,294.74,-1.7531,299.61,-0.1285
300,297,-1,294.74,-1.7531,299.61,-0.1285
300,297,-1,294.74,-1.7531,299.61,-0.1285
300,297,-1,294.74,-1.7531,299.61,-0.1285
300,297,-1,294.74,-1.7531,299.61,-0.1285
300,297,-1,294.74,-1.7531,299.61,-0.1285
300,297,-1,294.74,-1.7531,299.61,-0.1285
300,297,-1,294.74,-1.7531,299.61,-0.1285
300,297,-1,294.74,-1.7531,299.61,-0.1285
300,297,-1,294.74,-1.7531,299.61,-0.1285
300,297,-1,294.74,-1.7531,299.61,-0.1285
300,297,-1,294.74,-1.7531,299.61,-0.1285
300,297,-1,294.74,-1.7531,299.61,-0.1285
300,297,-1,294.74,-1.7531,299.61,-0.1285
300,297,-1,294.74,-1.7531,299.61,-0.1285
300,297,-1,294.74,-1.7531,299.61,-0.1285
300,297,-1,294.74,-1.7531,299.61,-0.1285
300,297,-1,294.72,-1.7606,299.59,-0.1359
300,297,-1,294.74,-1.7531,299.61,-0.1285
300,297,-1,294.74,-1.7531,299.61,-0.1285
300,297,-1,294.74,-1.7531,299.61,-0.1285
300,297,-1,294.74,-1.7531,299.61,-0.1285
300,297,-1,294.74,-1.7531,299.61,-0.1285
300,297,-1,293.38,-2.2071,298.29,-0.5707
300,297,-1,294.74,-1.7531,299.61,-0.1285
300,297,-1,294.74,-1.7531,299.61,-0.1285
300,297,-1,294.74,-1.7531,299.61,-0.1285
300,297,-1,293.38,-2.2071,298.29,-0.5707
300,297,-1,294.74,-1.7531,299.61,-0.1285
300,297,-1,294.74,-1.7531,299.61,-0.1285
300,297,-1,295.94,-1.352,300.8,0.2659
300,297,-1,294.74,-1.7531,299.61,-0.1285
300,297,-1,294.74,-1.7531,299.61,-0.1285
300,297,-1,294.74,-1.7531,299.61,-0.1285
300,297,-1,294.74,-1.7531,299.61,-0.1285
300,297,-1,294.74,-1.7531,299.61,-0.1285
300,298,-0.6667,294.74,-1.7531,299.61,-0.1285
300,297,-1,293.38,-2.2071,298.29,-0.5707
300,297,-1,294.74,-1.7531,299.61,-0.1285
300,297,-1,294.74,-1.7531,299.61,-0.1285
300,297,-1,293.38,-2.2071,298.29,-0.5707
300,297,-1,294.74,-1.7531,299.61,-0.1285
300,297,-1,294.74,-1.7531,299.61,-0.1285
300,297,-1,294.74,-1.7531,299.61,-0.1285
300,297,-1,294.74,-1.7531,299.61,-0.1285
300,297,-1,294.74,-1.7531,299.61,-0.1285
300,297,-1,293.38,-2.2071,298.29,-0.5707
300,297,-1,294.74,-1.7531,299.61,-0.1285
300,297,-1,294.74,-1.7531,299.61,-0.1285
300,297,-1,294.74,-1.7531,299.61,-0.1285
300,297,-1,294.74,-1.7531,299.61,-0.1285
300,297,-1,294.74,-1.7531,299.61,-0.1285
300,297,-1,294.74,-1.7531,299.61,-0.1285
300,297,-1,294.74,-1.7531,299.61,-0.1285
300,297,-1,294.74,-1.7531,299.61,-0.1285
300,297,-1,296.09,-1.3025,300.93,0.3103
300,297,-1,294.74,-1.7531,299.61,-0.1285
300,297,-1,293.38,-2.2071,298.29,-0.5707
300,297,-1,294.74,-1.7531,299.61,-0.1285
300,297,-1,294.74,-1.7531,299.61,-0.1285
300,297,-1,294.74,-1.7531,299.61,-0.1285
300,297,-1,293.38,-2.2071,298.29,-0.5707
300,297,-1,294.74,-1.7531,299.61,-0.1285
300,297,-1,294.74,-1.7531,299.61,-0.1285
300,297,-1,294.74,-1.7531,299.61,-0.1285
300,297,-1,294.58,-1.8058,299.46,-0.1799
300,297,-1,293.38,-2.2071,298.29,-0.5707
300,297,-1,294.72,-1.7606,299.59,-0.1359
300,297,-1,294.74,-1.7531,299.61,-0.1285
300,297,-1,294.74,-1.7531,299.61,-0.1285
300,297,-1,294.74,-1.7531,299.61,-0.1285
300,297,-1,294.74,-1.7531,299.61,-0.1285
300,297,-1,294.74,-1.7531,299.61,-0.1285
300,297,-1,294.74,-1.7531,299.61,-0.1285
300,297,-1,294.74,-1.7531,299.61,-0.1285
300,297,-1,294.74,-1.7531,299.61,-0.1285
300,297,-1,294.74,-1.7531,299.61,-0.1285
300,297,-1,293.38,-2.2071,298.29,-0.5707
300,297,-1,294.74,-1.7531,299.61,-0.1285
300,297,-1,294.74,-1.7531,299.61,-0.1285
300,297,-1,294.74,-1.7531,299.61,-0.1285
300,297,-1,294.74,-1.7531,299.61,-0.1285
300,297,-1,294.74,-1.7531,299.61,-0.1285
300,297,-1,294.74,-1.7531,299.61,-0.1285
300,297,-1,294.74,-1.7531,299.61,-0.1285
400,397,-0.75,400.2,0.0493,401.53,0.3835
400,397,-0.75,400.2,0.0493,401.53,0.3835
400,397,-0.75,400.2,0.0493,401.53,0.3835
400,397,-0.75,400.2,0.0493,401.53,0.3835
400,397,-0.75,400.2,0.0493,401.53,0.3835
400,397,-0.75,397.92,-0.5204,399.34,-0.1642
400,397,-0.75,400.2,0.0493,401.53,0.3835
400,397,-0.75,400.2,0.0493,401.53,0.3835
400,397,-0.75,397.92,-0.5204,399.34,-0.1642
400,397,-0.75,400.2,0.0493,401.53,0.3835
400,397,-0.75,400.2,0.0493,401.53,0.3835
400,397,-0.75,400.2,0.0493,401.53,0.3835
400,397,-0.75,400.2,0.0493,401.53,0.3835
400,397,-0.75,400.2,0.0493,401.53,0.3835
400,397,-0.75,397.92,-0.5204,399.34,-0.1642
400,397,-0.75,400.2,0.0493,401.53,0.3835
400,397,-0.75,400.2,0.0493,401.53,0.3835
400,397,-0.75,400.2,0.0493,401.53,0.3835
400,397,-0.75,400.2,0.0493,401.53,0.3835
400,397,-0.75,400.2,0.0493,401.53,0.3835
400,397,-0.75,400.2,0.0493,401.53,0.3835
400,397,-0.75,400.2,0.0493,401.53,0.3835
400,397,-0.75,395.45,-1.1386,396.97,-0.7586
400,398,-0.5,400.2,0.0493,401.53,0.3835
400,397,-0.75,400.2,0.0493,401.53,0.3835
400,397,-0.75,400.2,0.0493,401.53,0.3835
400,397,-0.75,400.2,0.0493,401.53,0.3835
400,397,-0.75,400.2,0.0493,401.53,0.3835
400,397,-0.75,400.2,0.0493,401.53,0.3835
400,397,-0.75,397.92,-0.5204,399.34,-0.1642
400,397,-0.75,400.2,0.0493,401.53,0.3835
400,397,-0.75,400.2,0.0493,401.53,0.3835
400,397,-0.75,400.2,0.0493,401.53,0.3835
400,397,-0.75,400.2,0.0493,401.53,0.3835
400,397,-0.75,400.2,0.0493,401.53,0.3835
400,397,-0.75,400.2,0.0493,401.53,0.3835
400,397,-0.75,400.2,0.0493,401.53,0.3835
400,397,-0.75,400.2,0.0493,401.53,0.3835
400,397,-0.75,400.2,0.0493,401.53,0.3835
400,397,-0.75,400.2,0.0493,401.53,0.3835
400,397,-0.75,400.2,0.0493,401.53,0.3835
400,397,-0.75,400.2,0.0493,401.53,0.3835
400,397,-0.75,400.2,0.0493,401.53,0.3835
400,397,-0.75,400.2,0.0493,401.53,0.3835
400,397,-0.75,400.2,0.0493,401.53,0.3835
400,397,-0.75,400.2,0.0493,401.53,0.3835
400,397,-0.75,400.2,0.0493,401.53,0.3835
400,397,-0.75,400.2,0.0493,401.53,0.3835
400,397,-0.75,400.2,0.0493,401.53,0.3835
400,397,-0.75,400.2,0.0493,401.53,0.3835
400,397,-0.75,400.2,0.0493,401.53,0.3835
400,397,-0.75,400.2,0.0493,401.53,0.3835
400,397,-0.75,400.2,0.0493,401.53,0.3835
400,397,-0.75,400.2,0.0493,401.53,0.3835
400,397,-0.75,400.2,0.0493,401.53,0.3835
400,397,-0.75,400.2,0.0493,401.53,0.3835
400,397,-0.75,400.2,0.0493,401.53,0.3835
400,397,-0.75,400.2,0.0493,401.53,0.3835
400,397,-0.75,400.2,0.0493,401.53,0.3835
400,397,-0.75,400.2,0.0493,401.53,0.3835
400,398,-0.5,400.2,0.0493,401.53,0.3835
400,397,-0.75,400.2,0.0493,401.53,0.3835
400,397,-0.75,400.2,0.0493,401.53,0.3835
400,397,-0.75,400.2,0.0493,401.53,0.3835
400,397,-0.75,400.2,0.0493,401.53,0.3835
400,397,-0.75,400.2,0.0493,401.53,0.3835
400,397,-0.75,400.2,0.0493,401.53,0.3835
400,397,-0.75,400.2,0.0493,401.53,0.3835
400,397,-0.75,400.2,0.0493,401.53,0.3835
400,397,-0.75,400.2,0.0493,401.53,0.3835
400,397,-0.75,395.45,-1.1386,396.97,-0.7586
400,397,-0.75,400.2,0.0493,401.53,0.3835
400,397,-0.75,395.45,-1.1386,396.97,-0.7586
400,397,-0.75,400.2,0.0493,401.53,0.3835
400,397,-0.75,400.2,0.0493,401.53,0.3835
400,397,-0.75,400.2,0.0493,401.53,0.3835
400,397,-0.75,397.92,-0.5204,399.34,-0.1642
400,397,-0.75,395.5,-1.1252,397.02,-0.7457
400,397,-0.75,397.69,-0.5763,399.13,-0.2179
400,397,-0.75,395.5,-1.1252,397.02,-0.7457
400,397,-0.75,395.5,-1.1252,397.02,-0.7457
400,397,-0.75,395.5,-1.1252,397.02,-0.7457
400,397,-0.75,395.5,-1.1252,397.02,-0.7457
400,397,-0.75,397.92,-0.5204,399.34,-0.1642
400,397,-0.75,395.5,-1.1252,397.02,-0.7457
400,397,-0.75,397.69,-0.5763,399.13,-0.2179
400,397,-0.75,395.5,-1.1252,397.02,-0.7457
400,397,-0.75,395.5,-1.1252,397.02,-0.7457
400,397,-0.75,397.69,-0.5763,399.13,-0.2179
400,397,-0.75,395.5,-1.1252,397.02,-0.7457
400,397,-0.75,395.5,-1.1252,397.02,-0.7457
400,397,-0.75,400.2,0.0493,401.53,0.3835
400,397,-0.75,395.5,-1.1252,397.02,-0.7457
400,397,-0.75,395.5,-1.1252,397.02,-0.7457
400,397,-0.75,395.5,-1.1252,397.02,-0.7457
400,397,-0.75,395.5,-1.1252,397.02,-0.7457
400,397,-0.75,395.5,-1.1252,397.02,-0.7457
400,397,-0.75,395.5,-1.1252,397.02,-0.7457
400,397,-0.75,395.5,-1.1252,397.02,-0.7457
400,397,-0.75,393.27,-1.6821,394.87,-1.2813
500,496,-0.8,504.79,0.9587,501.65,0.3304
500,497,-0.6,504.79,0.9587,501.65,0.3304
500,496,-0.8,504.79,0.9587,501.65,0.3304
500,496,-0.8,504.79,0.9587,501.65,0.3304
500,496,-0.8,504.79,0.9587,501.65,0.3304
500,496,-0.8,504.79,0.9587,501.65,0.3304
500,496,-0.8,504.79,0.9587,501.65,0.3304
500,496,-0.8,504.79,0.9587,501.65,0.3304
500,497,-0.6,504.79,0.9587,501.65,0.3304
500,496,-0.8,504.79,0.9587,501.65,0.3304
500,496,-0.8,504.79,0.9587,501.65,0.3304
500,496,-0.8,504.79,0.9587,501.65,0.3304
500,496,-0.8,504.79,0.9587,501.65,0.3304
500,496,-0.8,504.79,0.9587,501.65,0.3304
500,496,-0.8,504.79,0.9587,501.65,0.3304
500,497,-0.6,504.79,0.9587,501.65,0.3304
500,496,-0.8,504.79,0.9587,501.65,0.3304
500,496,-0.8,504.79,0.9587,501.65,0.3304
500,496,-0.8,504.79,0.9587,501.65,0.3304
500,496,-0.8,504.79,0.9587,501.65,0.3304
500,496,-0.8,504.79,0.9587,501.65,0.3304
500,496,-0.8,504.79,0.9587,501.65,0.3304
500,496,-0.8,504.79,0.9587,501.65,0.3304
500,496,-0.8,504.79,0.9587,501.65,0.3304
500,496,-0.8,504.79,0.9587,501.65,0.3304
500,496,-0.8,504.79,0.9587,501.65,0.3304
500,496,-0.8,504.79,0.9587,501.65,0.3304
500,496,-0.8,504.79,0.9587,501.65,0.3304
500,496,-0.8,504.79,0.9587,501.65,0.3304
500,496,-0.8,504.79,0.9587,501.65,0.3304
500,496,-0.8,504.79,0.9587,501.65,0.3304
500,496,-0.8,504.79,0.9587,501.65,0.3304
500,496,-0.8,504.79,0.9587,501.65,0.3304
500,496,-0.8,504.79,0.9587,501.65,0.3304
500,496,-0.8,504.79,0.9587,501.65,0.3304
500,496,-0.8,504.79,0.9587,501.65,0.3304
500,496,-0.8,504.79,0.9587,501.65,0.3304
500,496,-0.8,504.79,0.9587,501.65,0.3304
500,496,-0.8,504.79,0.9587,501.65,0.3304
500,496,-0.8,504.79,0.9587,501.65,0.3304
500,497,-0.6,504.79,0.9587,501.65,0.3304
500,496,-0.8,504.79,0.9587,501.65,0.3304
500,496,-0.8,504.79,0.9587,501.65,0.3304
500,496,-0.8,504.79,0.9587,501.65,0.3304
500,497,-0.6,504.79,0.9587,501.65,0.3304
500,496,-0.8,504.79,0.9587,501.65,0.3304
500,496,-0.8,504.79,0.9587,501.65,0.3304
500,496,-0.8,504.79,0.9587,501.65,0.3304
500,496,-0.8,504.79,0.9587,501.65,0.3304
500,496,-0.8,504.79,0.9587,501.65,0.3304
500,496,-0.8,504.79,0.9587,501.65,0.3304
500,496,-0.8,504.79,0.9587,501.65,0.3304
500,496,-0.8,504.79,0.9587,501.65,0.3304
500,496,-0.8,504.79,0.9587,501.65,0.3304
500,496,-0.8,504.79,0.9587,501.65,0.3304
500,496,-0.8,504.79,0.9587,501.65,0.3304
500,496,-0.8,504.79,0.9587,501.65,0.3304
500,496,-0.8,504.79,0.9587,501.65,0.3304
500,496,-0.8,504.79,0.9587,501.65,0.3304
500,496,-0.8,504.79,0.9587,501.65,0.3304
500,496,-0.8,504.79,0.9587,501.65,0.3304
500,496,-0.8,504.79,0.9587,501.65,0.3304
500,496,-0.8,504.79,0.9587,501.65,0.3304
500,496,-0.8,504.79,0.9587,501.65,0.3304
500,496,-0.8,501.21,0.2423,498.24,-0.3517
500,496,-0.8,504.79,0.9587,501.65,0.3304
500,496,-0.8,504.79,0.9587,501.65,0.3304
500,496,-0.8,504.79,0.9587,501.65,0.3304
500,496,-0.8,501.32,0.2648,498.35,-0.3303
500,496,-0.8,504.79,0.9587,501.65,0.3304
500,496,-0.8,504.79,0.9587,501.65,0.3304
500,496,-0.8,501.32,0.2648,498.35,-0.3303
500,496,-0.8,504.79,0.9587,501.65,0.3304
500,496,-0.8,504.79,0.9587,501.65,0.3304
500,496,-0.8,501.32,0.2648,498.35,-0.3303
500,496,-0.8,504.79,0.9587,501.65,0.3304
500,496,-0.8,504.79,0.9587,501.65,0.3304
500,496,-0.8,504.79,0.9587,501.65,0.3304
500,496,-0.8,504.79,0.9587,501.65,0.3304
500,497,-0.6,504.79,0.9587,501.65,0.3304
500,496,-0.8,501.21,0.2423,498.24,-0.3517
500,496,-0.8,504.79,0.9587,501.65,0.3304
500,496,-0.8,501.32,0.2648,498.35,-0.3303
500,496,-0.8,504.79,0.9587,501.65,0.3304
500,496,-0.8,504.79,0.9587,501.65,0.3304
500,496,-0.8,504.79,0.9587,501.65,0.3304
500,496,-0.8,504.79,0.9587,501.65,0.3304
500,496,-0.8,504.79,0.9587,501.65,0.3304
500,496,-0.8,504.79,0.9587,501.65,0.3304
500,497,-0.6,504.79,0.9587,501.65,0.3304
500,496,-0.8,504.79,0.9587,501.65,0.3304
500,496,-0.8,504.79,0.9587,501.65,0.3304
500,496,-0.8,504.79,0.9587,501.65,0.3304
500,496,-0.8,504.79,0.9587,501.65,0.3304
500,496,-0.8,504.79,0.9587,501.65,0.3304
500,496,-0.8,504.79,0.9587,501.65,0.3304
500,496,-0.8,504.79,0.9587,501.65,0.3304
500,497,-0.6,504.79,0.9587,501.65,0.3304
500,496,-0.8,504.79,0.9587,501.65,0.3304
500,496,-0.8,504.79,0.9587,501.65,0.3304
600,593,-1.1667,599.81,-0.0321,591.87,-1.3549
600,593,-1.1667,615.95,2.659,607.13,1.1876
600,593,-1.1667,615.95,2.659,607.13,1.1876
600,594,-1,599.81,-0.0321,591.87,-1.3549
600,593,-1.1667,615.95,2.659,607.13,1.1876
600,593,-1.1667,599.81,-0.0321,591.87,-1.3549
600,593,-1.1667,615.95,2.659,607.13,1.1876
600,593,-1.1667,594.79,-0.8679,587.13,-2.1452
600,594,-1,599.81,-0.0321,591.87,-1.3549
600,594,-1,615.95,2.659,607.13,1.1876
600,594,-1,615.95,2.659,607.13,1.1876
600,593,-1.1667,615.95,2.659,607.13,1.1876
600,593,-1.1667,615.95,2.659,607.13,1.1876
600,593,-1.1667,599.81,-0.0321,591.87,-1.3549
600,593,-1.1667,615.95,2.659,607.13,1.1876
600,593,-1.1667,615.95,2.659,607.13,1.1876
600,594,-1,615.95,2.659,607.13,1.1876
600,594,-1,594.79,-0.8679,587.13,-2.1452
600,593,-1.1667,599.81,-0.0321,591.87,-1.3549
600,594,-1,599.81,-0.0321,591.87,-1.3549
600,593,-1.1667,604.9,0.8159,596.68,-0.5531
600,594,-1,615.95,2.659,607.13,1.1876
600,593,-1.1667,615.95,2.659,607.13,1.1876
600,593,-1.1667,615.95,2.659,607.13,1.1876
600,594,-1,599.81,-0.0321,591.87,-1.3549
600,594,-1,615.95,2.659,607.13,1.1876
600,593,-1.1667,599.81,-0.0321,591.87,-1.3549
600,593,-1.1667,615.95,2.659,607.13,1.1876
600,593,-1.1667,615.95,2.659,607.13,1.1876
600,593,-1.1667,615.95,2.659,607.13,1.1876
600,593,-1.1667,599.81,-0.0321,591.87,-1.3549
600,593,-1.1667,615.95,2.659,607.13,1.1876
600,593,-1.1667,615.95,2.659,607.13,1.1876
600,593,-1.1667,599.81,-0.0321,591.87,-1.3549
600,593,-1.1667,599.81,-0.0321,591.87,-1.3549
600,594,-1,594.79,-0.8679,587.13,-2.1452
600,594,-1,615.95,2.659,607.13,1.1876
600,593,-1.1667,599.81,-0.0321,591.87,-1.3549
600,593,-1.1667,615.95,2.659,607.13,1.1876
600,593,-1.1667,594.79,-0.8679,587.13,-2.1452
600,594,-1,599.81,-0.0321,591.87,-1.3549
600,593,-1.1667,599.81,-0.0321,591.87,-1.3549
600,594,-1,615.95,2.659,607.13,1.1876
600,593,-1.1667,615.95,2.659,607.13,1.1876
600,593,-1.1667,615.95,2.659,607.13,1.1876
600,594,-1,615.95,2.659,607.13,1.1876
600,593,-1.1667,615.95,2.659,607.13,1.1876
600,593,-1.1667,615.95,2.659,607.13,1.1876
600,594,-1,594.79,-0.8679,587.13,-2.1452
600,594,-1,594.79,-0.8679,587.13,-2.1452
600,593,-1.1667,594.79,-0.8679,587.13,-2.1452
600,593,-1.1667,594.79,-0.8679,587.13,-2.1452
600,593,-1.1667,604.9,0.8159,596.68,-0.5531
600,593,-1.1667,604.7,0.7841,596.5,-0.5835
600,593,-1.1667,609.88,1.6464,601.39,0.2312
600,593,-1.1667,604.9,0.8159,596.68,-0.5531
600,593,-1.1667,599.81,-0.0321,591.87,-1.3549
600,594,-1,604.7,0.7841,596.5,-0.5835
600,594,-1,599.81,-0.0321,591.87,-1.3549
600,594,-1,604.7,0.7841,596.5,-0.5835
600,594,-1,604.7,0.7841,596.5,-0.5835
600,594,-1,604.9,0.8159,596.68,-0.5531
600,594,-1,604.7,0.7841,596.5,-0.5835
600,594,-1,599.81,-0.0321,591.87,-1.3549
600,594,-1,604.7,0.7841,596.5,-0.5835
600,594,-1,599.81,-0.0321,591.87,-1.3549
600,594,-1,599.81,-0.0321,591.87,-1.3549
600,593,-1.1667,599.81,-0.0321,591.87,-1.3549
600,593,-1.1667,599.62,-0.0636,591.69,-1.3848
600,594,-1,604.7,0.7841,596.5,-0.5835
600,594,-1,594.79,-0.8679,587.13,-2.1452
600,594,-1,615.95,2.659,607.13,1.1876
600,594,-1,599.81,-0.0321,591.87,-1.3549
600,594,-1,599.81,-0.0321,591.87,-1.3549
600,594,-1,599.81,-0.0321,591.87,-1.3549
600,594,-1,594.79,-0.8679,587.13,-2.1452
600,594,-1,594.79,-0.8679,587.13,-2.1452
600,594,-1,615.95,2.659,607.13,1.1876
600,594,-1,615.95,2.659,607.13,1.1876
600,594,-1,594.79,-0.8679,587.13,-2.1452
600,594,-1,615.95,2.659,607.13,1.1876
600,594,-1,615.95,2.659,607.13,1.1876
600,594,-1,615.95,2.659,607.13,1.1876
600,594,-1,610.68,1.7792,602.14,0.357
600,594,-1,589.32,-1.7805,581.95,-3.0083
600,594,-1,615.95,2.659,607.13,1.1876
600,594,-1,610.68,1.7792,602.14,0.357
600,594,-1,610.68,1.7792,602.14,0.357
600,594,-1,615.95,2.659,607.13,1.1876
600,594,-1,589.32,-1.7805,581.95,-3.0083
600,593,-1.1667,589.32,-1.7805,581.95,-3.0083
600,594,-1,615.95,2.659,607.13,1.1876
600,594,-1,589.32,-1.7805,581.95,-3.0083
600,594,-1,589.32,-1.7805,581.95,-3.0083
600,593,-1.1667,610.68,1.7792,602.14,0.357
600,594,-1,610.07,1.6787,601.57,0.2621
600,594,-1,589.32,-1.7805,581.95,-3.0083
600,594,-1,589.32,-1.7805,581.95,-3.0083
600,594,-1,610.68,1.7792,602.14,0.357
600,594,-1,589.32,-1.7805,581.95,-3.0083
700,692,-1.1429,692.63,-1.0528,679.35,-2.9504
700,692,-1.1429,699.37,-0.0893,685.68,-2.0453
700,694,-0.8571,692.63,-1.0528,679.35,-2.9504
700,694,-0.8571,714.19,2.0269,699.59,-0.0586
700,694,-0.8571,714.19,2.0269,699.59,-0.0586
700,694,-0.8571,699.37,-0.0893,685.68,-2.0453
700,693,-1,692.63,-1.0528,679.35,-2.9504
700,694,-0.8571,692.63,-1.0528,679.35,-2.9504
700,693,-1,699.37,-0.0893,685.68,-2.0453
700,693,-1,699.37,-0.0893,685.68,-2.0453
700,693,-1,699.37,-0.0893,685.68,-2.0453
700,693,-1,699.37,-0.0893,685.68,-2.0453
700,693,-1,699.37,-0.0893,685.68,-2.0453
700,693,-1,699.37,-0.0893,685.68,-2.0453
700,692,-1.1429,715.16,2.1651,700.5,0.0711
700,692,-1.1429,699.37,-0.0893,685.68,-2.0453
700,693,-1,699.37,-0.0893,685.68,-2.0453
700,693,-1,699.37,-0.0893,685.68,-2.0453
700,693,-1,692.63,-1.0528,679.35,-2.9504
700,693,-1,699.37,-0.0893,685.68,-2.0453
700,694,-0.8571,699.37,-0.0893,685.68,-2.0453
700,692,-1.1429,699.37,-0.0893,685.68,-2.0453
700,691,-1.2857,699.37,-0.0893,685.68,-2.0453
700,694,-0.8571,699.37,-0.0893,685.68,-2.0453
700,693,-1,699.37,-0.0893,685.68,-2.0453
700,693,-1,699.37,-0.0893,685.68,-2.0453
700,691,-1.2857,699.37,-0.0893,685.68,-2.0453
700,693,-1,699.37,-0.0893,685.68,-2.0453
700,693,-1,699.37,-0.0893,685.68,-2.0453
700,693,-1,699.37,-0.0893,685.68,-2.0453
700,693,-1,692.63,-1.0528,679.35,-2.9504
700,692,-1.1429,692.63,-1.0528,679.35,-2.9504
700,692,-1.1429,692.63,-1.0528,679.35,-2.9504
700,693,-1,699.37,-0.0893,685.68,-2.0453
700,692,-1.1429,714.19,2.0269,699.59,-0.0586
700,693,-1,692.63,-1.0528,679.35,-2.9504
700,692,-1.1429,692.63,-1.0528,679.35,-2.9504
700,693,-1,692.63,-1.0528,679.35,-2.9504
700,692,-1.1429,699.37,-0.0893,685.68,-2.0453
700,691,-1.2857,692.63,-1.0528,679.35,-2.9504
700,693,-1,692.63,-1.0528,679.35,-2.9504
700,693,-1,714.19,2.0269,699.59,-0.0586
700,692,-1.1429,692.63,-1.0528,679.35,-2.9504
700,693,-1,699.37,-0.0893,685.68,-2.0453
700,691,-1.2857,699.37,-0.0893,685.68,-2.0453
700,693,-1,699.37,-0.0893,685.68,-2.0453
700,692,-1.1429,692.63,-1.0528,679.35,-2.9504
700,693,-1,699.37,-0.0893,685.68,-2.0453
700,693,-1,699.37,-0.0893,685.68,-2.0453
700,692,-1.1429,699.37,-0.0893,685.68,-2.0453
700,694,-0.8571,699.37,-0.0893,685.68,-2.0453
700,693,-1,699.37,-0.0893,685.68,-2.0453
700,693,-1,699.37,-0.0893,685.68,-2.0453
700,692,-1.1429,699.37,-0.0893,685.68,-2.0453
700,691,-1.2857,706.23,0.8902,692.12,-1.1255
700,692,-1.1429,706.23,0.8902,692.12,-1.1255
700,692,-1.1429,706.23,0.8902,692.12,-1.1255
700,692,-1.1429,699.37,-0.0893,685.68,-2.0453
700,692,-1.1429,699.37,-0.0893,685.68,-2.0453
700,693,-1,706.23,0.8902,692.12,-1.1255
700,693,-1,706.23,0.8902,692.12,-1.1255
700,693,-1,699.37,-0.0893,685.68,-2.0453
700,693,-1,699.37,-0.0893,685.68,-2.0453
700,693,-1,699.37,-0.0893,685.68,-2.0453
700,693,-1,706.23,0.8902,692.12,-1.1255
700,692,-1.1429,699.37,-0.0893,685.68,-2.0453
700,692,-1.1429,706.23,0.8902,692.12,-1.1255
700,693,-1,699.37,-0.0893,685.68,-2.0453
700,693,-1,706.23,0.8902,692.12,-1.1255
700,693,-1,699.37,-0.0893,685.68,-2.0453
700,693,-1,706.23,0.8902,692.12,-1.1255
700,693,-1,706.23,0.8902,692.12,-1.1255
700,693,-1,706.23,0.8902,692.12,-1.1255
700,693,-1,706.23,0.8902,692.12,-1.1255
700,693,-1,706.23,0.8902,692.12,-1.1255
700,693,-1,706.23,0.8902,692.12,-1.1255
700,692,-1.1429,699.37,-0.0893,685.68,-2.0453
700,692,-1.1429,699.37,-0.0893,685.68,-2.0453
700,692,-1.1429,706.23,0.8902,692.12,-1.1255
700,693,-1,699.37,-0.0893,685.68,-2.0453
700,692,-1.1429,706.23,0.8902,692.12,-1.1255
700,693,-1,706.23,0.8902,692.12,-1.1255
700,693,-1,699.37,-0.0893,685.68,-2.0453
700,693,-1,699.37,-0.0893,685.68,-2.0453
700,693,-1,706.23,0.8902,692.12,-1.1255
700,693,-1,699.37,-0.0893,685.68,-2.0453
700,692,-1.1429,699.37,-0.0893,685.68,-2.0453
700,692,-1.1429,706.23,0.8902,692.12,-1.1255
700,692,-1.1429,699.37,-0.0893,685.68,-2.0453
700,693,-1,699.37,-0.0893,685.68,-2.0453
700,691,-1.2857,706.23,0.8902,692.12,-1.1255
700,691,-1.2857,706.23,0.8902,692.12,-1.1255
700,693,-1,706.23,0.8902,692.12,-1.1255
700,692,-1.1429,706.23,0.8902,692.12,-1.1255
700,693,-1,706.23,0.8902,692.12,-1.1255
700,693,-1,706.23,0.8902,692.12,-1.1255
700,693,-1,699.37,-0.0893,685.68,-2.0453
700,693,-1,706.23,0.8902,692.12,-1.1255
700,692,-1.1429,706.23,0.8902,692.12,-1.1255
700,693,-1,706.23,0.8902,692.12,-1.1255
800,787,-1.625,800.12,0.0149,780.03,-2.4968
800,787,-1.625,827.43,3.4287,805.51,0.6893
800,787,-1.625,828.92,3.6148,806.9,0.8628
800,787,-1.625,800.12,0.0149,780.03,-2.4968
800,787,-1.625,827.43,3.4287,805.51,0.6893
800,786,-1.75,800.12,0.0149,780.03,-2.4968
800,787,-1.625,827.43,3.4287,805.51,0.6893
800,787,-1.625,827.43,3.4287,805.51,0.6893
800,787,-1.625,800.12,0.0149,780.03,-2.4968
800,788,-1.5,800.12,0.0149,780.03,-2.4968
800,787,-1.625,800.12,0.0149,780.03,-2.4968
800,787,-1.625,800.12,0.0149,780.03,-2.4968
800,786,-1.75,827.43,3.4287,805.51,0.6893
800,786,-1.75,827.43,3.4287,805.51,0.6893
800,787,-1.625,828.92,3.6148,806.9,0.8628
800,786,-1.75,827.43,3.4287,805.51,0.6893
800,787,-1.625,827.43,3.4287,805.51,0.6893
800,787,-1.625,800.12,0.0149,780.03,-2.4968
800,787,-1.625,800.12,0.0149,780.03,-2.4968
800,787,-1.625,827.43,3.4287,805.51,0.6893
800,787,-1.625,827.43,3.4287,805.51,0.6893
800,787,-1.625,800.12,0.0149,780.03,-2.4968
800,788,-1.5,800.12,0.0149,780.03,-2.4968
800,787,-1.625,827.43,3.4287,805.51,0.6893
800,787,-1.625,800.12,0.0149,780.03,-2.4968
800,787,-1.625,800.12,0.0149,780.03,-2.4968
800,787,-1.625,827.43,3.4287,805.51,0.6893
800,787,-1.625,818.13,2.2667,796.84,-0.3948
800,787,-1.625,800.12,0.0149,780.03,-2.4968
800,787,-1.625,800.12,0.0149,780.03,-2.4968
800,787,-1.625,800.12,0.0149,780.03,-2.4968
800,787,-1.625,800.12,0.0149,780.03,-2.4968
800,786,-1.75,828.92,3.6148,806.9,0.8628
800,786,-1.75,800.12,0.0149,780.03,-2.4968
800,787,-1.625,827.43,3.4287,805.51,0.6893
800,787,-1.625,828.92,3.6148,806.9,0.8628
800,787,-1.625,827.43,3.4287,805.51,0.6893
800,787,-1.625,827.43,3.4287,805.51,0.6893
800,787,-1.625,800.12,0.0149,780.03,-2.4968
800,787,-1.625,800.12,0.0149,780.03,-2.4968
800,787,-1.625,800.12,0.0149,780.03,-2.4968
800,786,-1.75,800.12,0.0149,780.03,-2.4968
800,786,-1.75,827.43,3.4287,805.51,0.6893
800,786,-1.75,800.12,0.0149,780.03,-2.4968
800,786,-1.75,800.12,0.0149,780.03,-2.4968
800,786,-1.75,800.12,0.0149,780.03,-2.4968
800,786,-1.75,800.12,0.0149,780.03,-2.4968
800,786,-1.75,827.43,3.4287,805.51,0.6893
800,785,-1.875,800.12,0.0149,780.03,-2.4968
800,785,-1.875,800.12,0.0149,780.03,-2.4968
800,785,-1.875,800.12,0.0149,780.03,-2.4968
800,786,-1.75,800.12,0.0149,780.03,-2.4968
800,785,-1.875,827.43,3.4287,805.51,0.6893
800,786,-1.75,800.12,0.0149,780.03,-2.4968
800,785,-1.875,800.12,0.0149,780.03,-2.4968
800,785,-1.875,800.12,0.0149,780.03,-2.4968
800,784,-2,800.12,0.0149,780.03,-2.4968
800,785,-1.875,800.12,0.0149,780.03,-2.4968
800,784,-2,800.12,0.0149,780.03,-2.4968
800,786,-1.75,800.12,0.0149,780.03,-2.4968
800,785,-1.875,800.12,0.0149,780.03,-2.4968
800,786,-1.75,800.12,0.0149,780.03,-2.4968
800,785,-1.875,800.12,0.0149,780.03,-2.4968
800,786,-1.75,800.12,0.0149,780.03,-2.4968
800,786,-1.75,800.12,0.0149,780.03,-2.4968
800,786,-1.75,800.12,0.0149,780.03,-2.4968
800,786,-1.75,800.12,0.0149,780.03,-2.4968
800,786,-1.75,800.12,0.0149,780.03,-2.4968
800,784,-2,800.12,0.0149,780.03,-2.4968
800,784,-2,800.12,0.0149,780.03,-2.4968
800,785,-1.875,800.12,0.0149,780.03,-2.4968
800,784,-2,800.12,0.0149,780.03,-2.4968
800,785,-1.875,828.95,3.6191,806.93,0.8668
800,786,-1.75,800.12,0.0149,780.03,-2.4968
800,786,-1.75,800.12,0.0149,780.03,-2.4968
800,785,-1.875,800.12,0.0149,780.03,-2.4968
800,784,-2,819.59,2.4485,798.2,-0.2251
800,784,-2,800.12,0.0149,780.03,-2.4968
800,785,-1.875,800.12,0.0149,780.03,-2.4968
800,785,-1.875,800.12,0.0149,780.03,-2.4968
800,785,-1.875,800.12,0.0149,780.03,-2.4968
800,784,-2,800.12,0.0149,780.03,-2.4968
800,785,-1.875,800.12,0.0149,780.03,-2.4968
800,785,-1.875,800.12,0.0149,780.03,-2.4968
800,786,-1.75,800.12,0.0149,780.03,-2.4968
800,785,-1.875,800.12,0.0149,780.03,-2.4968
800,785,-1.875,800.12,0.0149,780.03,-2.4968
800,785,-1.875,819.59,2.4485,798.2,-0.2251
800,784,-2,800.12,0.0149,780.03,-2.4968
800,785,-1.875,800.12,0.0149,780.03,-2.4968
800,785,-1.875,790.07,-1.2418,770.63,-3.6708
800,785,-1.875,781.14,-2.3573,762.29,-4.7134
800,785,-1.875,800.12,0.0149,780.03,-2.4968
800,785,-1.875,800.12,0.0149,780.03,-2.4968
800,785,-1.875,800.12,0.0149,780.03,-2.4968
800,785,-1.875,800.12,0.0149,780.03,-2.4968
800,784,-2,800.12,0.0149,780.03,-2.4968
800,785,-1.875,800.12,0.0149,780.03,-2.4968
800,785,-1.875,827.43,3.4287,805.51,0.6893
800,784,-2,800.12,0.0149,780.03,-2.4968
900,889,-1.2222,933.08,3.6757,903.8,0.4227
900,889,-1.2222,919.29,2.1437,891.01,-0.9994
900,889,-1.2222,919.29,2.1437,891.01,-0.9994
900,889,-1.2222,919.29,2.1437,891.01,-0.9994
900,889,-1.2222,919.29,2.1437,891.01,-0.9994
900,890,-1.1111,919.29,2.1437,891.01,-0.9994
900,889,-1.2222,919.29,2.1437,891.01,-0.9994
900,889,-1.2222,919.29,2.1437,891.01,-0.9994
900,889,-1.2222,919.29,2.1437,891.01,-0.9994
900,889,-1.2222,933.08,3.6757,903.8,0.4227
900,889,-1.2222,919.29,2.1437,891.01,-0.9994
900,889,-1.2222,919.29,2.1437,891.01,-0.9994
900,890,-1.1111,933.08,3.6757,903.8,0.4227
900,890,-1.1111,933.08,3.6757,903.8,0.4227
900,890,-1.1111,919.29,2.1437,891.01,-0.9994
900,890,-1.1111,919.29,2.1437,891.01,-0.9994
900,890,-1.1111,919.29,2.1437,891.01,-0.9994
900,889,-1.2222,919.29,2.1437,891.01,-0.9994
900,890,-1.1111,919.29,2.1437,891.01,-0.9994
900,889,-1.2222,919.29,2.1437,891.01,-0.9994
900,889,-1.2222,919.29,2.1437,891.01,-0.9994
900,890,-1.1111,919.29,2.1437,891.01,-0.9994
900,890,-1.1111,919.29,2.1437,891.01,-0.9994
900,889,-1.2222,893.68,-0.7019,867.2,-3.6442
900,890,-1.1111,919.29,2.1437,891.01,-0.9994
900,889,-1.2222,919.29,2.1437,891.01,-0.9994
900,889,-1.2222,919.29,2.1437,891.01,-0.9994
900,890,-1.1111,933.08,3.6757,903.8,0.4227
900,889,-1.2222,919.29,2.1437,891.01,-0.9994
900,889,-1.2222,919.29,2.1437,891.01,-0.9994
900,890,-1.1111,919.29,2.1437,891.01,-0.9994
900,889,-1.2222,919.29,2.1437,891.01,-0.9994
900,889,-1.2222,933.08,3.6757,903.8,0.4227
900,889,-1.2222,933.08,3.6757,903.8,0.4227
900,890,-1.1111,919.29,2.1437,891.01,-0.9994
900,889,-1.2222,919.29,2.1437,891.01,-0.9994
900,889,-1.2222,919.29,2.1437,891.01,-0.9994
900,889,-1.2222,919.29,2.1437,891.01,-0.9994
900,887,-1.4444,933.08,3.6757,903.8,0.4227
900,890,-1.1111,919.29,2.1437,891.01,-0.9994
900,889,-1.2222,933.08,3.6757,903.8,0.4227
900,889,-1.2222,919.29,2.1437,891.01,-0.9994
900,889,-1.2222,919.29,2.1437,891.01,-0.9994
900,889,-1.2222,933.08,3.6757,903.8,0.4227
900,889,-1.2222,919.29,2.1437,891.01,-0.9994
900,889,-1.2222,919.29,2.1437,891.01,-0.9994
900,889,-1.2222,919.29,2.1437,891.01,-0.9994
900,887,-1.4444,919.29,2.1437,891.01,-0.9994
900,889,-1.2222,933.08,3.6757,903.8,0.4227
900,889,-1.2222,919.29,2.1437,891.01,-0.9994
900,889,-1.2222,919.29,2.1437,891.01,-0.9994
900,889,-1.2222,919.29,2.1437,891.01,-0.9994
900,889,-1.2222,919.29,2.1437,891.01,-0.9994
900,889,-1.2222,919.29,2.1437,891.01,-0.9994
900,889,-1.2222,919.29,2.1437,891.01,-0.9994
900,890,-1.1111,919.29,2.1437,891.01,-0.9994
900,889,-1.2222,919.29,2.1437,891.01,-0.9994
900,889,-1.2222,919.29,2.1437,891.01,-0.9994
900,889,-1.2222,919.29,2.1437,891.01,-0.9994
900,890,-1.1111,919.29,2.1437,891.01,-0.9994
900,889,-1.2222,919.29,2.1437,891.01,-0.9994
900,889,-1.2222,933.08,3.6757,903.8,0.4227
900,889,-1.2222,933.08,3.6757,903.8,0.4227
900,890,-1.1111,933.08,3.6757,903.8,0.4227
900,889,-1.2222,919.29,2.1437,891.01,-0.9994
900,889,-1.2222,919.29,2.1437,891.01,-0.9994
900,889,-1.2222,919.29,2.1437,891.01,-0.9994
900,889,-1.2222,919.29,2.1437,891.01,-0.9994
900,889,-1.2222,919.29,2.1437,891.01,-0.9994
900,889,-1.2222,933.08,3.6757,903.8,0.4227
900,889,-1.2222,919.29,2.1437,891.01,-0.9994
900,889,-1.2222,919.29,2.1437,891.01,-0.9994
900,887,-1.4444,919.29,2.1437,891.01,-0.9994
900,889,-1.2222,933.08,3.6757,903.8,0.4227
900,889,-1.2222,919.29,2.1437,891.01,-0.9994
900,889,-1.2222,919.29,2.1437,891.01,-0.9994
900,889,-1.2222,919.29,2.1437,891.01,-0.9994
900,889,-1.2222,933.08,3.6757,903.8,0.4227
900,889,-1.2222,933.08,3.6757,903.8,0.4227
900,889,-1.2222,945.08,5.0087,914.93,1.6592
900,889,-1.2222,919.29,2.1437,891.01,-0.9994
900,890,-1.1111,933.08,3.6757,903.8,0.4227
900,889,-1.2222,933.08,3.6757,903.8,0.4227
900,889,-1.2222,933.08,3.6757,903.8,0.4227
900,889,-1.2222,933.08,3.6757,903.8,0.4227
900,889,-1.2222,919.29,2.1437,891.01,-0.9994
900,889,-1.2222,919.29,2.1437,891.01,-0.9994
900,889,-1.2222,919.29,2.1437,891.01,-0.9994
900,889,-1.2222,919.29,2.1437,891.01,-0.9994
900,889,-1.2222,919.29,2.1437,891.01,-0.9994
900,890,-1.1111,919.29,2.1437,891.01,-0.9994
900,890,-1.1111,919.29,2.1437,891.01,-0.9994
900,889,-1.2222,919.29,2.1437,891.01,-0.9994
900,889,-1.2222,933.08,3.6757,903.8,0.4227
900,889,-1.2222,919.29,2.1437,891.01,-0.9994
900,890,-1.1111,945.08,5.0087,914.93,1.6592
900,889,-1.2222,919.29,2.1437,891.01,-0.9994
900,889,-1.2222,933.08,3.6757,903.8,0.4227
900,889,-1.2222,919.29,2.1437,891.01,-0.9994
900,889,-1.2222,945.08,5.0087,914.93,1.6592
1000,984,-1.6,1033.71,3.3712,996.97,-0.3031
1000,984,-1.6,1033.71,3.3712,996.97,-0.3031
1000,984,-1.6,1033.71,3.3712,996.97,-0.3031
1000,984,-1.6,1033.71,3.3712,996.97,-0.3031
1000,984,-1.6,1033.71,3.3712,996.97,-0.3031
1000,986,-1.4,1033.71,3.3712,996.97,-0.3031
1000,986,-1.4,1033.71,3.3712,996.97,-0.3031
1000,986,-1.4,1033.71,3.3712,996.97,-0.3031
1000,986,-1.4,1033.71,3.3712,996.97,-0.3031
1000,984,-1.6,1017.62,1.7619,982.09,-1.7905
1000,984,-1.6,1033.71,3.3712,996.97,-0.3031
1000,986,-1.4,1033.71,3.3712,996.97,-0.3031
1000,984,-1.6,1033.71,3.3712,996.97,-0.3031
1000,987,-1.3,1033.71,3.3712,996.97,-0.3031
1000,986,-1.4,1017.62,1.7619,982.09,-1.7905
1000,984,-1.6,1033.71,3.3712,996.97,-0.3031
1000,986,-1.4,1033.71,3.3712,996.97,-0.3031
1000,984,-1.6,1033.71,3.3712,996.97,-0.3031
1000,986,-1.4,1033.71,3.3712,996.97,-0.3031
1000,986,-1.4,1033.71,3.3712,996.97,-0.3031
1000,986,-1.4,1017.62,1.7619,982.09,-1.7905
1000,986,-1.4,1033.71,3.3712,996.97,-0.3031
1000,986,-1.4,1033.71,3.3712,996.97,-0.3031
1000,986,-1.4,1033.71,3.3712,996.97,-0.3031
1000,986,-1.4,1033.71,3.3712,996.97,-0.3031
1000,984,-1.6,1033.71,3.3712,996.97,-0.3031
1000,986,-1.4,1017.62,1.7619,982.09,-1.7905
1000,986,-1.4,1033.71,3.3712,996.97,-0.3031
1000,986,-1.4,1033.71,3.3712,996.97,-0.3031
1000,984,-1.6,1033.71,3.3712,996.97,-0.3031
1000,986,-1.4,1033.71,3.3712,996.97,-0.3031
1000,986,-1.4,1033.71,3.3712,996.97,-0.3031
1000,986,-1.4,1033.71,3.3712,996.97,-0.3031
1000,986,-1.4,1033.71,3.3712,996.97,-0.3031
1000,986,-1.4,1033.71,3.3712,996.97,-0.3031
1000,984,-1.6,1033.71,3.3712,996.97,-0.3031
1000,986,-1.4,1033.71,3.3712,996.97,-0.3031
1000,986,-1.4,1033.71,3.3712,996.97,-0.3031
1000,986,-1.4,1033.71,3.3712,996.97,-0.3031
1000,986,-1.4,1033.71,3.3712,996.97,-0.3031
1000,984,-1.6,1033.71,3.3712,996.97,-0.3031
1000,986,-1.4,1033.71,3.3712,996.97,-0.3031
1000,986,-1.4,1033.71,3.3712,996.97,-0.3031
1000,986,-1.4,1033.71,3.3712,996.97,-0.3031
1000,984,-1.6,1033.71,3.3712,996.97,-0.3031
1000,986,-1.4,1033.71,3.3712,996.97,-0.3031
1000,986,-1.4,1033.71,3.3712,996.97,-0.3031
1000,986,-1.4,1033.71,3.3712,996.97,-0.3031
1000,984,-1.6,1033.71,3.3712,996.97,-0.3031
1000,984,-1.6,1033.71,3.3712,996.97,-0.3031
1000,986,-1.4,1033.71,3.3712,996.97,-0.3031
1000,986,-1.4,1033.71,3.3712,996.97,-0.3031
1000,984,-1.6,1033.71,3.3712,996.97,-0.3031
1000,984,-1.6,1033.71,3.3712,996.97,-0.3031
1000,986,-1.4,1033.71,3.3712,996.97,-0.3031
1000,987,-1.3,1033.71,3.3712,996.97,-0.3031
1000,984,-1.6,1033.71,3.3712,996.97,-0.3031
1000,984,-1.6,1033.71,3.3712,996.97,-0.3031
1000,986,-1.4,1033.71,3.3712,996.97,-0.3031
1000,984,-1.6,1064.31,6.4314,1025.23,2.5226
1000,986,-1.4,1033.71,3.3712,996.97,-0.3031
1000,986,-1.4,1033.71,3.3712,996.97,-0.3031
1000,984,-1.6,1016.72,1.672,981.26,-1.8737
1000,984,-1.6,1033.71,3.3712,996.97,-0.3031
1000,986,-1.4,1033.71,3.3712,996.97,-0.3031
1000,984,-1.6,1017.62,1.7619,982.09,-1.7905
1000,986,-1.4,1033.71,3.3712,996.97,-0.3031
1000,984,-1.6,1033.71,3.3712,996.97,-0.3031
1000,986,-1.4,1033.71,3.3712,996.97,-0.3031
1000,986,-1.4,1033.71,3.3712,996.97,-0.3031
1000,984,-1.6,1033.71,3.3712,996.97,-0.3031
1000,984,-1.6,1033.71,3.3712,996.97,-0.3031
1000,986,-1.4,1033.71,3.3712,996.97,-0.3031
1000,984,-1.6,1033.71,3.3712,996.97,-0.3031
1000,983,-1.7,1033.71,3.3712,996.97,-0.3031
1000,986,-1.4,1033.71,3.3712,996.97,-0.3031
1000,984,-1.6,1033.71,3.3712,996.97,-0.3031
1000,986,-1.4,1033.71,3.3712,996.97,-0.3031
1000,986,-1.4,1033.71,3.3712,996.97,-0.3031
1000,986,-1.4,1033.71,3.3712,996.97,-0.3031
1000,984,-1.6,1033.71,3.3712,996.97,-0.3031
1000,986,-1.4,1033.71,3.3712,996.97,-0.3031
1000,986,-1.4,1033.71,3.3712,996.97,-0.3031
1000,986,-1.4,1033.71,3.3712,996.97,-0.3031
1000,986,-1.4,1033.71,3.3712,996.97,-0.3031
1000,987,-1.3,1017.62,1.7619,982.09,-1.7905
1000,984,-1.6,1033.71,3.3712,996.97,-0.3031
1000,986,-1.4,1002.08,0.2079,967.72,-3.2278
1000,986,-1.4,1017.62,1.7619,982.09,-1.7905
1000,986,-1.4,1017.62,1.7619,982.09,-1.7905
1000,986,-1.4,1033.71,3.3712,996.97,-0.3031
1000,984,-1.6,1033.71,3.3712,996.97,-0.3031
1000,984,-1.6,1033.71,3.3712,996.97,-0.3031
1000,986,-1.4,1033.71,3.3712,996.97,-0.3031
1000,984,-1.6,1033.71,3.3712,996.97,-0.3031
1000,986,-1.4,1033.71,3.3712,996.97,-0.3031
1000,984,-1.6,1033.71,3.3712,996.97,-0.3031
1000,986,-1.4,1033.71,3.3712,996.97,-0.3031
1000,986,-1.4,1017.62,1.7619,982.09,-1.7905
1000,986,-1.4,1033.71,3.3712,996.97,-0.3031
1100,1087,-1.1818,1120.19,1.8358,1076.74,-2.1149
1100,1085,-1.3636,1120.19,1.8358,1076.74,-2.1149
1100,1085,-1.3636,1139.8,3.6183,1094.79,-0.4741
1100,1085,-1.3636,1178.3,7.1179,1130.18,2.7439
1100,1085,-1.3636,1120.19,1.8358,1076.74,-2.1149
1100,1085,-1.3636,1138.47,3.4973,1093.56,-0.5853
1100,1087,-1.1818,1139.8,3.6183,1094.79,-0.4741
1100,1087,-1.1818,1120.19,1.8358,1076.74,-2.1149
1100,1087,-1.1818,1139.8,3.6183,1094.79,-0.4741
1100,1085,-1.3636,1178.3,7.1179,1130.18,2.7439
1100,1085,-1.3636,1139.8,3.6183,1094.79,-0.4741
1100,1085,-1.3636,1120.19,1.8358,1076.74,-2.1149
1100,1085,-1.3636,1120.19,1.8358,1076.74,-2.1149
1100,1085,-1.3636,1120.19,1.8358,1076.74,-2.1149
1100,1087,-1.1818,1120.19,1.8358,1076.74,-2.1149
1100,1087,-1.1818,1138.47,3.4973,1093.56,-0.5853
1100,1087,-1.1818,1158.78,5.3433,1112.24,1.1127
1100,1085,-1.3636,1120.19,1.8358,1076.74,-2.1149
1100,1087,-1.1818,1139.8,3.6183,1094.79,-0.4741
1100,1089,-1,1139.8,3.6183,1094.79,-0.4741
1100,1087,-1.1818,1138.47,3.4973,1093.56,-0.5853
1100,1085,-1.3636,1120.19,1.8358,1076.74,-2.1149
1100,1087,-1.1818,1178.3,7.1179,1130.18,2.7439
1100,1085,-1.3636,1139.8,3.6183,1094.79,-0.4741
1100,1087,-1.1818,1139.8,3.6183,1094.79,-0.4741
1100,1085,-1.3636,1139.8,3.6183,1094.79,-0.4741
1100,1087,-1.1818,1138.47,3.4973,1093.56,-0.5853
1100,1085,-1.3636,1120.19,1.8358,1076.74,-2.1149
1100,1087,-1.1818,1139.8,3.6183,1094.79,-0.4741
1100,1087,-1.1818,1139.8,3.6183,1094.79,-0.4741
1100,1085,-1.3636,1139.8,3.6183,1094.79,-0.4741
1100,1087,-1.1818,1139.8,3.6183,1094.79,-0.4741
1100,1087,-1.1818,1139.8,3.6183,1094.79,-0.4741
1100,1085,-1.3636,1139.8,3.6183,1094.79,-0.4741
1100,1085,-1.3636,1138.47,3.4973,1093.56,-0.5853
1100,1087,-1.1818,1120.19,1.8358,1076.74,-2.1149
1100,1085,-1.3636,1139.8,3.6183,1094.79,-0.4741
1100,1085,-1.3636,1120.19,1.8358,1076.74,-2.1149
1100,1087,-1.1818,1139.8,3.6183,1094.79,-0.4741
1100,1085,-1.3636,1139.8,3.6183,1094.79,-0.4741
1100,1085,-1.3636,1120.19,1.8358,1076.74,-2.1149
1100,1087,-1.1818,1139.8,3.6183,1094.79,-0.4741
1100,1087,-1.1818,1120.19,1.8358,1076.74,-2.1149
1100,1087,-1.1818,1139.8,3.6183,1094.79,-0.4741
1100,1085,-1.3636,1139.8,3.6183,1094.79,-0.4741
1100,1085,-1.3636,1120.19,1.8358,1076.74,-2.1149
1100,1085,-1.3636,1139.8,3.6183,1094.79,-0.4741
1100,1085,-1.3636,1120.19,1.8358,1076.74,-2.1149
1100,1087,-1.1818,1120.19,1.8358,1076.74,-2.1149
1100,1087,-1.1818,1139.8,3.6183,1094.79,-0.4741
1100,1085,-1.3636,1139.8,3.6183,1094.79,-0.4741
1100,1087,-1.1818,1120.19,1.8358,1076.74,-2.1149
1100,1087,-1.1818,1120.19,1.8358,1076.74,-2.1149
1100,1085,-1.3636,1120.19,1.8358,1076.74,-2.1149
1100,1085,-1.3636,1138.47,3.4973,1093.56,-0.5853
1100,1085,-1.3636,1120.19,1.8358,1076.74,-2.1149
1100,1085,-1.3636,1139.8,3.6183,1094.79,-0.4741
1100,1085,-1.3636,1120.19,1.8358,1076.74,-2.1149
1100,1085,-1.3636,1139.8,3.6183,1094.79,-0.4741
1100,1085,-1.3636,1139.8,3.6183,1094.79,-0.4741
1100,1085,-1.3636,1178.3,7.1179,1130.18,2.7439
1100,1087,-1.1818,1138.47,3.4973,1093.56,-0.5853
1100,1087,-1.1818,1139.8,3.6183,1094.79,-0.4741
1100,1085,-1.3636,1139.8,3.6183,1094.79,-0.4741
1100,1087,-1.1818,1120.19,1.8358,1076.74,-2.1149
1100,1085,-1.3636,1139.8,3.6183,1094.79,-0.4741
1100,1087,-1.1818,1139.8,3.6183,1094.79,-0.4741
1100,1087,-1.1818,1139.8,3.6183,1094.79,-0.4741
1100,1085,-1.3636,1120.19,1.8358,1076.74,-2.1149
1100,1085,-1.3636,1120.19,1.8358,1076.74,-2.1149
1100,1085,-1.3636,1139.8,3.6183,1094.79,-0.4741
1100,1085,-1.3636,1120.19,1.8358,1076.74,-2.1149
1100,1085,-1.3636,1139.8,3.6183,1094.79,-0.4741
1100,1087,-1.1818,1120.19,1.8358,1076.74,-2.1149
1100,1083,-1.5455,1139.8,3.6183,1094.79,-0.4741
1100,1087,-1.1818,1138.47,3.4973,1093.56,-0.5853
1100,1087,-1.1818,1139.8,3.6183,1094.79,-0.4741
1100,1085,-1.3636,1138.47,3.4973,1093.56,-0.5853
1100,1087,-1.1818,1139.8,3.6183,1094.79,-0.4741
1100,1085,-1.3636,1139.8,3.6183,1094.79,-0.4741
1100,1085,-1.3636,1139.8,3.6183,1094.79,-0.4741
1100,1089,-1,1139.8,3.6183,1094.79,-0.4741
1100,1085,-1.3636,1139.8,3.6183,1094.79,-0.4741
1100,1085,-1.3636,1120.19,1.8358,1076.74,-2.1149
1100,1085,-1.3636,1120.19,1.8358,1076.74,-2.1149
1100,1087,-1.1818,1178.3,7.1179,1130.18,2.7439
1100,1087,-1.1818,1120.19,1.8358,1076.74,-2.1149
1100,1085,-1.3636,1138.47,3.4973,1093.56,-0.5853
1100,1085,-1.3636,1120.19,1.8358,1076.74,-2.1149
1100,1085,-1.3636,1139.8,3.6183,1094.79,-0.4741
1100,1085,-1.3636,1120.19,1.8358,1076.74,-2.1149
1100,1085,-1.3636,1120.19,1.8358,1076.74,-2.1149
1100,1085,-1.3636,1139.8,3.6183,1094.79,-0.4741
1100,1085,-1.3636,1139.8,3.6183,1094.79,-0.4741
1100,1085,-1.3636,1139.8,3.6183,1094.79,-0.4741
1100,1085,-1.3636,1139.8,3.6183,1094.79,-0.4741
1100,1085,-1.3636,1138.47,3.4973,1093.56,-0.5853
1100,1087,-1.1818,1120.19,1.8358,1076.74,-2.1149
1100,1085,-1.3636,1120.19,1.8358,1076.74,-2.1149
1100,1085,-1.3636,1178.3,7.1179,1130.18,2.7439
1200,1189,-0.9167,1220.95,1.7458,1169.35,-2.5545
1200,1187,-1.0833,1220.95,1.7458,1169.35,-2.5545
1200,1187,-1.0833,1220.95,1.7458,1169.35,-2.5545
1200,1187,-1.0833,1220.95,1.7458,1169.35,-2.5545
1200,1187,-1.0833,1240.91,3.4091,1187.63,-1.0306
1200,1184,-1.3333,1220.95,1.7458,1169.35,-2.5545
1200,1184,-1.3333,1261.4,5.1169,1206.42,0.5347
1200,1182,-1.5,1220.95,1.7458,1169.35,-2.5545
1200,1184,-1.3333,1220.95,1.7458,1169.35,-2.5545
1200,1182,-1.5,1198.49,-0.1262,1148.73,-4.2727
1200,1187,-1.0833,1220.95,1.7458,1169.35,-2.5545
1200,1182,-1.5,1217.83,1.4858,1166.46,-2.7947
1200,1184,-1.3333,1220.95,1.7458,1169.35,-2.5545
1200,1184,-1.3333,1220.95,1.7458,1169.35,-2.5545
1200,1184,-1.3333,1220.95,1.7458,1169.35,-2.5545
1200,1184,-1.3333,1261.4,5.1169,1206.42,0.5347
1200,1182,-1.5,1220.95,1.7458,1169.35,-2.5545
1200,1184,-1.3333,1240.91,3.4091,1187.63,-1.0306
1200,1187,-1.0833,1220.95,1.7458,1169.35,-2.5545
1200,1182,-1.5,1220.95,1.7458,1169.35,-2.5545
1200,1182,-1.5,1220.95,1.7458,1169.35,-2.5545
1200,1180,-1.6667,1220.95,1.7458,1169.35,-2.5545
1200,1184,-1.3333,1220.95,1.7458,1169.35,-2.5545
1200,1182,-1.5,1198.49,-0.1262,1148.73,-4.2727
1200,1182,-1.5,1220.95,1.7458,1169.35,-2.5545
1200,1182,-1.5,1220.95,1.7458,1169.35,-2.5545
1200,1184,-1.3333,1220.95,1.7458,1169.35,-2.5545
1200,1182,-1.5,1220.95,1.7458,1169.35,-2.5545
1200,1182,-1.5,1217.83,1.4858,1166.46,-2.7947
1200,1182,-1.5,1220.95,1.7458,1169.35,-2.5545
1200,1180,-1.6667,1220.95,1.7458,1169.35,-2.5545
1200,1182,-1.5,1220.95,1.7458,1169.35,-2.5545
1200,1182,-1.5,1220.95,1.7458,1169.35,-2.5545
1200,1184,-1.3333,1220.95,1.7458,1169.35,-2.5545
1200,1182,-1.5,1220.95,1.7458,1169.35,-2.5545
1200,1180,-1.6667,1178.3,-1.8086,1130.18,-5.8181
1200,1184,-1.3333,1240.91,3.4091,1187.63,-1.0306
1200,1187,-1.0833,1198.49,-0.1262,1148.73,-4.2727
1200,1182,-1.5,1220.95,1.7458,1169.35,-2.5545
1200,1184,-1.3333,1198.49,-0.1262,1148.73,-4.2727
1200,1182,-1.5,1217.81,1.484,1166.46,-2.7947
1200,1187,-1.0833,1220.95,1.7458,1169.35,-2.5545
1200,1184,-1.3333,1217.83,1.4858,1166.46,-2.7947
1200,1184,-1.3333,1220.95,1.7458,1169.35,-2.5545
1200,1182,-1.5,1220.95,1.7458,1169.35,-2.5545
1200,1182,-1.5,1198.49,-0.1262,1148.73,-4.2727
1200,1182,-1.5,1284.49,7.041,1227.56,2.2969
1200,1184,-1.3333,1220.95,1.7458,1169.35,-2.5545
1200,1184,-1.3333,1220.95,1.7458,1169.35,-2.5545
1200,1182,-1.5,1220.95,1.7458,1169.35,-2.5545
1200,1184,-1.3333,1220.95,1.7458,1169.35,-2.5545
1200,1180,-1.6667,1220.95,1.7458,1169.35,-2.5545
1200,1184,-1.3333,1220.95,1.7458,1169.35,-2.5545
1200,1182,-1.5,1220.95,1.7458,1169.35,-2.5545
1200,1187,-1.0833,1220.95,1.7458,1169.35,-2.5545
1200,1187,-1.0833,1198.49,-0.1262,1148.73,-4.2727
1200,1184,-1.3333,1220.95,1.7458,1169.35,-2.5545
1200,1182,-1.5,1220.95,1.7458,1169.35,-2.5545
1200,1184,-1.3333,1220.95,1.7458,1169.35,-2.5545
1200,1187,-1.0833,1220.95,1.7458,1169.35,-2.5545
1200,1184,-1.3333,1220.95,1.7458,1169.35,-2.5545
1200,1187,-1.0833,1220.95,1.7458,1169.35,-2.5545
1200,1187,-1.0833,1220.95,1.7458,1169.35,-2.5545
1200,1184,-1.3333,1220.95,1.7458,1169.35,-2.5545
1200,1187,-1.0833,1198.49,-0.1262,1148.73,-4.2727
1200,1184,-1.3333,1198.49,-0.1262,1148.73,-4.2727
1200,1184,-1.3333,1220.95,1.7458,1169.35,-2.5545
1200,1187,-1.0833,1220.95,1.7458,1169.35,-2.5545
1200,1189,-0.9167,1261.4,5.1169,1206.42,0.5347
1200,1187,-1.0833,1198.49,-0.1262,1148.73,-4.2727
1200,1184,-1.3333,1220.95,1.7458,1169.35,-2.5545
1200,1184,-1.3333,1198.49,-0.1262,1148.73,-4.2727
1200,1182,-1.5,1220.95,1.7458,1169.35,-2.5545
1200,1184,-1.3333,1220.95,1.7458,1169.35,-2.5545
1200,1184,-1.3333,1220.95,1.7458,1169.35,-2.5545
1200,1182,-1.5,1220.95,1.7458,1169.35,-2.5545
1200,1184,-1.3333,1220.95,1.7458,1169.35,-2.5545
1200,1187,-1.0833,1220.95,1.7458,1169.35,-2.5545
1200,1187,-1.0833,1198.49,-0.1262,1148.73,-4.2727
1200,1182,-1.5,1220.95,1.7458,1169.35,-2.5545
1200,1184,-1.3333,1198.49,-0.1262,1148.73,-4.2727
1200,1187,-1.0833,1220.95,1.7458,1169.35,-2.5545
1200,1184,-1.3333,1220.95,1.7458,1169.35,-2.5545
1200,1184,-1.3333,1220.95,1.7458,1169.35,-2.5545
1200,1184,-1.3333,1220.95,1.7458,1169.35,-2.5545
1200,1187,-1.0833,1240.91,3.4091,1187.63,-1.0306
1200,1187,-1.0833,1220.95,1.7458,1169.35,-2.5545
1200,1184,-1.3333,1220.95,1.7458,1169.35,-2.5545
1200,1184,-1.3333,1220.95,1.7458,1169.35,-2.5545
1200,1184,-1.3333,1261.4,5.1169,1206.42,0.5347
1200,1184,-1.3333,1217.83,1.4858,1166.46,-2.7947
1200,1184,-1.3333,1261.4,5.1169,1206.42,0.5347
1200,1184,-1.3333,1220.95,1.7458,1169.35,-2.5545
1200,1184,-1.3333,1244.27,3.6892,1190.74,-0.7721
1200,1184,-1.3333,1220.95,1.7458,1169.35,-2.5545
1200,1184,-1.3333,1198.49,-0.1262,1148.73,-4.2727
1200,1182,-1.5,1198.49,-0.1262,1148.73,-4.2727
1200,1184,-1.3333,1220.95,1.7458,1169.35,-2.5545
1200,1182,-1.5,1220.95,1.7458,1169.35,-2.5545
1200,1184,-1.3333,1198.49,-0.1262,1148.73,-4.2727
1300,1290,-0.7692,1372.05,5.5421,1307.61,0.5855
1300,1287,-1,1372.05,5.5421,1307.61,0.5855
1300,1287,-1,1399.4,7.6458,1332.57,2.5054
1300,1287,-1,1427.84,9.8337,1358.51,4.5005
1300,1287,-1,1427.84,9.8337,1358.51,4.5005
1300,1284,-1.2308,1399.35,7.6426,1332.56,2.5043
1300,1284,-1.2308,1372.05,5.5421,1307.61,0.5855
1300,1287,-1,1372.05,5.5421,1307.61,0.5855
1300,1287,-1,1372.05,5.5421,1307.61,0.5855
1300,1284,-1.2308,1372.05,5.5421,1307.61,0.5855
1300,1287,-1,1372.05,5.5421,1307.61,0.5855
1300,1287,-1,1427.84,9.8337,1358.51,4.5005
1300,1287,-1,1372.05,5.5421,1307.61,0.5855
1300,1287,-1,1343.51,3.3471,1281.55,-1.4194
1300,1287,-1,1372.05,5.5421,1307.61,0.5855
1300,1287,-1,1372.05,5.5421,1307.61,0.5855
1300,1287,-1,1427.84,9.8337,1358.51,4.5005
1300,1287,-1,1372.05,5.5421,1307.61,0.5855
1300,1287,-1,1372.05,5.5421,1307.61,0.5855
1300,1287,-1,1427.84,9.8337,1358.51,4.5005
1300,1284,-1.2308,1427.84,9.8337,1358.51,4.5005
1300,1287,-1,1372.05,5.5421,1307.61,0.5855
1300,1287,-1,1372.05,5.5421,1307.61,0.5855
1300,1287,-1,1372.05,5.5421,1307.61,0.5855
1300,1287,-1,1399.4,7.6458,1332.57,2.5054
1300,1287,-1,1372.05,5.5421,1307.61,0.5855
1300,1284,-1.2308,1372.05,5.5421,1307.61,0.5855
1300,1287,-1,1427.84,9.8337,1358.51,4.5005
1300,1287,-1,1372.05,5.5421,1307.61,0.5855
1300,1287,-1,1372.05,5.5421,1307.61,0.5855
1300,1287,-1,1372.05,5.5421,1307.61,0.5855
1300,1290,-0.7692,1372.05,5.5421,1307.61,0.5855
1300,1287,-1,1372.05,5.5421,1307.61,0.5855
1300,1290,-0.7692,1372.05,5.5421,1307.61,0.5855
1300,1290,-0.7692,1427.84,9.8337,1358.51,4.5005
1300,1287,-1,1372.05,5.5421,1307.61,0.5855
1300,1287,-1,1399.4,7.6458,1332.57,2.5054
1300,1287,-1,1372.05,5.5421,1307.61,0.5855
1300,1290,-0.7692,1343.51,3.3471,1281.55,-1.4194
1300,1287,-1,1394.69,7.2836,1328.27,2.175
1300,1287,-1,1343.51,3.3471,1281.55,-1.4194
1300,1287,-1,1372.05,5.5421,1307.61,0.5855
1300,1287,-1,1399.4,7.6458,1332.57,2.5054
1300,1284,-1.2308,1394.69,7.2836,1328.27,2.175
1300,1287,-1,1372.05,5.5421,1307.61,0.5855
1300,1287,-1,1343.51,3.3471,1281.55,-1.4194
1300,1287,-1,1372.05,5.5421,1307.61,0.5855
1300,1287,-1,1372.05,5.5421,1307.61,0.5855
1300,1287,-1,1372.05,5.5421,1307.61,0.5855
1300,1287,-1,1343.51,3.3471,1281.55,-1.4194
1300,1290,-0.7692,1372.05,5.5421,1307.61,0.5855
1300,1287,-1,1372.05,5.5421,1307.61,0.5855
1300,1287,-1,1372.05,5.5421,1307.61,0.5855
1300,1290,-0.7692,1372.05,5.5421,1307.61,0.5855
1300,1290,-0.7692,1343.51,3.3471,1281.55,-1.4194
1300,1287,-1,1372.05,5.5421,1307.61,0.5855
1300,1287,-1,1399.4,7.6458,1332.57,2.5054
1300,1287,-1,1372.05,5.5421,1307.61,0.5855
1300,1287,-1,1399.4,7.6458,1332.57,2.5054
1300,1287,-1,1372.05,5.5421,1307.61,0.5855
1300,1287,-1,1372.05,5.5421,1307.61,0.5855
1300,1290,-0.7692,1372.05,5.5421,1307.61,0.5855
1300,1287,-1,1372.05,5.5421,1307.61,0.5855
1300,1287,-1,1372.05,5.5421,1307.61,0.5855
1300,1287,-1,1427.84,9.8337,1358.51,4.5005
1300,1287,-1,1399.4,7.6458,1332.57,2.5054
1300,1287,-1,1372.05,5.5421,1307.61,0.5855
1300,1287,-1,1372.05,5.5421,1307.61,0.5855
1300,1287,-1,1372.05,5.5421,1307.61,0.5855
1300,1287,-1,1399.4,7.6458,1332.57,2.5054
1300,1287,-1,1372.05,5.5421,1307.61,0.5855
1300,1287,-1,1372.05,5.5421,1307.61,0.5855
1300,1287,-1,1372.05,5.5421,1307.61,0.5855
1300,1287,-1,1372.05,5.5421,1307.61,0.5855
1300,1287,-1,1372.05,5.5421,1307.61,0.5855
1300,1290,-0.7692,1399.4,7.6458,1332.57,2.5054
1300,1290,-0.7692,1372.05,5.5421,1307.61,0.5855
1300,1287,-1,1399.4,7.6458,1332.57,2.5054
1300,1287,-1,1372.05,5.5421,1307.61,0.5855
1300,1290,-0.7692,1372.05,5.5421,1307.61,0.5855
1300,1287,-1,1427.84,9.8337,1358.51,4.5005
1300,1287,-1,1372.05,5.5421,1307.61,0.5855
1300,1287,-1,1343.51,3.3471,1281.55,-1.4194
1300,1287,-1,1427.84,9.8337,1358.51,4.5005
1300,1290,-0.7692,1427.84,9.8337,1358.51,4.5005
1300,1287,-1,1399.4,7.6458,1332.57,2.5054
1300,1287,-1,1372.05,5.5421,1307.61,0.5855
1300,1287,-1,1399.4,7.6458,1332.57,2.5054
1300,1290,-0.7692,1372.05,5.5421,1307.61,0.5855
1300,1290,-0.7692,1372.05,5.5421,1307.61,0.5855
1300,1290,-0.7692,1372.05,5.5421,1307.61,0.5855
1300,1290,-0.7692,1372.05,5.5421,1307.61,0.5855
1300,1290,-0.7692,1372.05,5.5421,1307.61,0.5855
1300,1290,-0.7692,1372.05,5.5421,1307.61,0.5855
1300,1290,-0.7692,1372.05,5.5421,1307.61,0.5855
1300,1290,-0.7692,1372.05,5.5421,1307.61,0.5855
1300,1290,-0.7692,1372.05,5.5421,1307.61,0.5855
1300,1287,-1,1372.05,5.5421,1307.61,0.5855
1300,1287,-1,1372.05,5.5421,1307.61,0.5855
1300,1287,-1,1372.05,5.5421,1307.61,0.5855
1400,1384,-1.1429,1522.98,8.7842,1445.11,3.2219
1400,1381,-1.3571,1490.89,6.4923,1415.93,1.1376
1400,1381,-1.3571,1430.38,2.1701,1360.82,-2.7983
1400,1381,-1.3571,1522.98,8.7842,1445.11,3.2219
1400,1381,-1.3571,1430.38,2.1701,1360.82,-2.7983
1400,1384,-1.1429,1430.38,2.1701,1360.82,-2.7983
1400,1384,-1.1429,1430.38,2.1701,1360.82,-2.7983
1400,1384,-1.1429,1430.38,2.1701,1360.82,-2.7983
1400,1384,-1.1429,1430.38,2.1701,1360.82,-2.7983
1400,1384,-1.1429,1430.38,2.1701,1360.82,-2.7983
1400,1384,-1.1429,1460.01,4.2864,1387.82,-0.8702
1400,1384,-1.1429,1430.38,2.1701,1360.82,-2.7983
1400,1384,-1.1429,1430.38,2.1701,1360.82,-2.7983
1400,1384,-1.1429,1430.38,2.1701,1360.82,-2.7983
1400,1384,-1.1429,1430.38,2.1701,1360.82,-2.7983
1400,1384,-1.1429,1430.38,2.1701,1360.82,-2.7983
1400,1384,-1.1429,1430.38,2.1701,1360.82,-2.7983
1400,1384,-1.1429,1462.77,4.4835,1390.33,-0.6907
1400,1381,-1.3571,1430.38,2.1701,1360.82,-2.7983
1400,1384,-1.1429,1490.89,6.4923,1415.93,1.1376
1400,1384,-1.1429,1430.38,2.1701,1360.82,-2.7983
1400,1384,-1.1429,1430.38,2.1701,1360.82,-2.7983
1400,1384,-1.1429,1430.38,2.1701,1360.82,-2.7983
1400,1381,-1.3571,1490.89,6.4923,1415.93,1.1376
1400,1384,-1.1429,1430.38,2.1701,1360.82,-2.7983
1400,1384,-1.1429,1430.38,2.1701,1360.82,-2.7983
1400,1384,-1.1429,1430.38,2.1701,1360.82,-2.7983
1400,1384,-1.1429,1430.38,2.1701,1360.82,-2.7983
1400,1381,-1.3571,1522.98,8.7842,1445.11,3.2219
1400,1381,-1.3571,1522.98,8.7842,1445.11,3.2219
1400,1384,-1.1429,1490.89,6.4923,1415.93,1.1376
1400,1381,-1.3571,1430.38,2.1701,1360.82,-2.7983
1400,1384,-1.1429,1522.98,8.7842,1445.11,3.2219
1400,1384,-1.1429,1430.38,2.1701,1360.82,-2.7983
1400,1384,-1.1429,1430.38,2.1701,1360.82,-2.7983
1400,1384,-1.1429,1460.01,4.2864,1387.82,-0.8702
1400,1378,-1.5714,1460.13,4.2949,1387.93,-0.8625
1400,1384,-1.1429,1430.38,2.1701,1360.82,-2.7983
1400,1384,-1.1429,1430.38,2.1701,1360.82,-2.7983
1400,1384,-1.1429,1430.38,2.1701,1360.82,-2.7983
1400,1381,-1.3571,1430.38,2.1701,1360.82,-2.7983
1400,1384,-1.1429,1490.89,6.4923,1415.93,1.1376
1400,1384,-1.1429,1522.98,8.7842,1445.11,3.2219
1400,1384,-1.1429,1522.98,8.7842,1445.11,3.2219
1400,1381,-1.3571,1430.38,2.1701,1360.82,-2.7983
1400,1384,-1.1429,1490.89,6.4923,1415.93,1.1376
1400,1384,-1.1429,1430.38,2.1701,1360.82,-2.7983
1400,1384,-1.1429,1522.98,8.7842,1445.11,3.2219
1400,1384,-1.1429,1522.98,8.7842,1445.11,3.2219
1400,1384,-1.1429,1430.38,2.1701,1360.82,-2.7983
1400,1384,-1.1429,1460.01,4.2864,1387.82,-0.8702
1400,1381,-1.3571,1522.98,8.7842,1445.11,3.2219
1400,1381,-1.3571,1430.38,2.1701,1360.82,-2.7983
1400,1384,-1.1429,1430.38,2.1701,1360.82,-2.7983
1400,1384,-1.1429,1522.98,8.7842,1445.11,3.2219
1400,1384,-1.1429,1522.98,8.7842,1445.11,3.2219
1400,1384,-1.1429,1430.38,2.1701,1360.82,-2.7983
1400,1384,-1.1429,1430.38,2.1701,1360.82,-2.7983
1400,1384,-1.1429,1430.38,2.1701,1360.82,-2.7983
1400,1384,-1.1429,1430.38,2.1701,1360.82,-2.7983
1400,1381,-1.3571,1460.01,4.2864,1387.82,-0.8702
1400,1384,-1.1429,1430.38,2.1701,1360.82,-2.7983
1400,1384,-1.1429,1430.38,2.1701,1360.82,-2.7983
1400,1384,-1.1429,1430.38,2.1701,1360.82,-2.7983
1400,1381,-1.3571,1430.38,2.1701,1360.82,-2.7983
1400,1384,-1.1429,1430.38,2.1701,1360.82,-2.7983
1400,1384,-1.1429,1430.38,2.1701,1360.82,-2.7983
1400,1384,-1.1429,1430.38,2.1701,1360.82,-2.7983
1400,1384,-1.1429,1430.38,2.1701,1360.82,-2.7983
1400,1384,-1.1429,1430.38,2.1701,1360.82,-2.7983
1400,1384,-1.1429,1430.38,2.1701,1360.82,-2.7983
1400,1384,-1.1429,1490.89,6.4923,1415.93,1.1376
1400,1381,-1.3571,1430.38,2.1701,1360.82,-2.7983
1400,1381,-1.3571,1430.38,2.1701,1360.82,-2.7983
1400,1384,-1.1429,1430.38,2.1701,1360.82,-2.7983
1400,1384,-1.1429,1430.38,2.1701,1360.82,-2.7983
1400,1384,-1.1429,1430.38,2.1701,1360.82,-2.7983
1400,1384,-1.1429,1460.01,4.2864,1387.82,-0.8702
1400,1381,-1.3571,1430.38,2.1701,1360.82,-2.7983
1400,1384,-1.1429,1430.38,2.1701,1360.82,-2.7983
1400,1381,-1.3571,1430.38,2.1701,1360.82,-2.7983
1400,1384,-1.1429,1522.98,8.7842,1445.11,3.2219
1400,1381,-1.3571,1430.38,2.1701,1360.82,-2.7983
1400,1384,-1.1429,1430.38,2.1701,1360.82,-2.7983
1400,1384,-1.1429,1430.38,2.1701,1360.82,-2.7983
1400,1381,-1.3571,1430.38,2.1701,1360.82,-2.7983
1400,1384,-1.1429,1522.98,8.7842,1445.11,3.2219
1400,1381,-1.3571,1522.98,8.7842,1445.11,3.2219
1400,1381,-1.3571,1430.38,2.1701,1360.82,-2.7983
1400,1381,-1.3571,1430.38,2.1701,1360.82,-2.7983
1400,1381,-1.3571,1430.38,2.1701,1360.82,-2.7983
1400,1384,-1.1429,1460.01,4.2864,1387.82,-0.8702
1400,1381,-1.3571,1430.38,2.1701,1360.82,-2.7983
1400,1378,-1.5714,1430.38,2.1701,1360.82,-2.7983
1400,1381,-1.3571,1430.38,2.1701,1360.82,-2.7983
1400,1381,-1.3571,1462.77,4.4835,1390.33,-0.6907
1400,1381,-1.3571,1430.38,2.1701,1360.82,-2.7983
1400,1381,-1.3571,1430.38,2.1701,1360.82,-2.7983
1400,1381,-1.3571,1430.38,2.1701,1360.82,-2.7983
1400,1378,-1.5714,1460.01,4.2864,1387.82,-0.8702
1500,1480,-1.3333,1594.89,6.3259,1510.37,0.6916
1500,1480,-1.3333,1594.89,6.3259,1510.37,0.6916
1500,1476,-1.6,1559.81,3.9875,1478.49,-1.4339
1500,1476,-1.6,1559.81,3.9875,1478.49,-1.4339
1500,1476,-1.6,1559.81,3.9875,1478.49,-1.4339
1500,1480,-1.3333,1723.16,14.8772,1626.55,8.4369
1500,1476,-1.6,1598.55,6.5699,1513.65,0.9098
1500,1476,-1.6,1559.81,3.9875,1478.49,-1.4339
1500,1473,-1.8,1639.26,9.2837,1550.55,3.3703
1500,1476,-1.6,1523.07,1.5377,1445.11,-3.6595
1500,1476,-1.6,1559.81,3.9875,1478.49,-1.4339
1500,1480,-1.3333,1594.89,6.3259,1510.37,0.6916
1500,1476,-1.6,1559.81,3.9875,1478.49,-1.4339
1500,1480,-1.3333,1594.89,6.3259,1510.37,0.6916
1500,1476,-1.6,1559.81,3.9875,1478.49,-1.4339
1500,1480,-1.3333,1723.16,14.8772,1626.55,8.4369
1500,1476,-1.6,1523.07,1.5377,1445.11,-3.6595
1500,1476,-1.6,1598.55,6.5699,1513.65,0.9098
1500,1480,-1.3333,1594.89,6.3259,1510.37,0.6916
1500,1476,-1.6,1639.26,9.2837,1550.55,3.3703
1500,1476,-1.6,1559.81,3.9875,1478.49,-1.4339
1500,1480,-1.3333,1723.16,14.8772,1626.55,8.4369
1500,1476,-1.6,1559.81,3.9875,1478.49,-1.4339
1500,1476,-1.6,1559.81,3.9875,1478.49,-1.4339
1500,1480,-1.3333,1594.89,6.3259,1510.37,0.6916
1500,1476,-1.6,1523.07,1.5377,1445.11,-3.6595
1500,1476,-1.6,1594.89,6.3259,1510.37,0.6916
1500,1480,-1.3333,1594.89,6.3259,1510.37,0.6916
1500,1476,-1.6,1598.55,6.5699,1513.65,0.9098
1500,1476,-1.6,1723.16,14.8772,1626.55,8.4369
1500,1480,-1.3333,1594.89,6.3259,1510.37,0.6916
1500,1480,-1.3333,1553.27,3.5513,1472.59,-1.827
1500,1480,-1.3333,1594.89,6.3259,1510.37,0.6916
1500,1480,-1.3333,1723.16,14.8772,1626.55,8.4369
1500,1473,-1.8,1598.55,6.5699,1513.65,0.9098
1500,1476,-1.6,1598.55,6.5699,1513.65,0.9098
1500,1476,-1.6,1723.16,14.8772,1626.55,8.4369
1500,1476,-1.6,1598.55,6.5699,1513.65,0.9098
1500,1476,-1.6,1594.89,6.3259,1510.37,0.6916
1500,1480,-1.3333,1723.16,14.8772,1626.55,8.4369
1500,1476,-1.6,1598.55,6.5699,1513.65,0.9098
1500,1476,-1.6,1723.16,14.8772,1626.55,8.4369
1500,1480,-1.3333,1594.89,6.3259,1510.37,0.6916
1500,1476,-1.6,1559.81,3.9875,1478.49,-1.4339
1500,1480,-1.3333,1594.89,6.3259,1510.37,0.6916
1500,1480,-1.3333,1723.16,14.8772,1626.55,8.4369
1500,1480,-1.3333,1594.89,6.3259,1510.37,0.6916
1500,1476,-1.6,1723.16,14.8772,1626.55,8.4369
1500,1473,-1.8,1559.81,3.9875,1478.49,-1.4339
1500,1476,-1.6,1598.55,6.5699,1513.65,0.9098
1500,1476,-1.6,1594.89,6.3259,1510.37,0.6916
1500,1476,-1.6,1598.55,6.5699,1513.65,0.9098
1500,1476,-1.6,1594.89,6.3259,1510.37,0.6916
1500,1476,-1.6,1639.26,9.2837,1550.55,3.3703
1500,1480,-1.3333,1594.89,6.3259,1510.37,0.6916
1500,1476,-1.6,1598.55,6.5699,1513.65,0.9098
1500,1480,-1.3333,1723.16,14.8772,1626.55,8.4369
1500,1476,-1.6,1559.81,3.9875,1478.49,-1.4339
1500,1480,-1.3333,1723.16,14.8772,1626.55,8.4369
1500,1476,-1.6,1598.55,6.5699,1513.65,0.9098
1500,1476,-1.6,1723.16,14.8772,1626.55,8.4369
1500,1476,-1.6,1559.81,3.9875,1478.49,-1.4339
1500,1480,-1.3333,1594.89,6.3259,1510.37,0.6916
1500,1476,-1.6,1723.16,14.8772,1626.55,8.4369
1500,1476,-1.6,1594.89,6.3259,1510.37,0.6916
1500,1476,-1.6,1559.81,3.9875,1478.49,-1.4339
1500,1476,-1.6,1639.26,9.2837,1550.55,3.3703
1500,1476,-1.6,1723.16,14.8772,1626.55,8.4369
1500,1476,-1.6,1723.16,14.8772,1626.55,8.4369
1500,1476,-1.6,1598.55,6.5699,1513.65,0.9098
1500,1476,-1.6,1598.55,6.5699,1513.65,0.9098
1500,1476,-1.6,1559.81,3.9875,1478.49,-1.4339
1500,1476,-1.6,1559.81,3.9875,1478.49,-1.4339
1500,1476,-1.6,1598.55,6.5699,1513.65,0.9098
1500,1476,-1.6,1598.55,6.5699,1513.65,0.9098
1500,1476,-1.6,1598.55,6.5699,1513.65,0.9098
1500,1476,-1.6,1559.81,3.9875,1478.49,-1.4339
1500,1476,-1.6,1559.81,3.9875,1478.49,-1.4339
1500,1476,-1.6,1598.55,6.5699,1513.65,0.9098
1500,1476,-1.6,1559.81,3.9875,1478.49,-1.4339
1500,1473,-1.8,1559.81,3.9875,1478.49,-1.4339
1500,1480,-1.3333,1723.16,14.8772,1626.55,8.4369
1500,1476,-1.6,1559.81,3.9875,1478.49,-1.4339
1500,1476,-1.6,1598.55,6.5699,1513.65,0.9098
1500,1476,-1.6,1594.89,6.3259,1510.37,0.6916
1500,1476,-1.6,1723.16,14.8772,1626.55,8.4369
1500,1480,-1.3333,1723.16,14.8772,1626.55,8.4369
1500,1480,-1.3333,1594.89,6.3259,1510.37,0.6916
1500,1480,-1.3333,1723.16,14.8772,1626.55,8.4369
1500,1480,-1.3333,1594.89,6.3259,1510.37,0.6916
1500,1476,-1.6,1723.16,14.8772,1626.55,8.4369
1500,1476,-1.6,1723.16,14.8772,1626.55,8.4369
1500,1473,-1.8,1598.55,6.5699,1513.65,0.9098
1500,1476,-1.6,1559.81,3.9875,1478.49,-1.4339
1500,1476,-1.6,1594.89,6.3259,1510.37,0.6916
1500,1476,-1.6,1723.16,14.8772,1626.55,8.4369
1500,1476,-1.6,1723.16,14.8772,1626.55,8.4369
1500,1476,-1.6,1594.89,6.3259,1510.37,0.6916
1500,1476,-1.6,1598.55,6.5699,1513.65,0.9098
1500,1476,-1.6,1559.81,3.9875,1478.49,-1.4339
