Beginning Pixel Size Calibration Test...,
-----------------------------------------,
Marker Size: 45mm,
True Dist [mm], Pixel Size [px]
200,85.83
200,86.07
200,86.07
200,85.83
200,85.83
200,86.07
200,85.83
200,86.07
200,85.83
200,86.07
200,86.07
200,86.07
200,85.83
200,86.07
200,85.83
200,86.07
200,85.83
200,85.83
200,85.83
200,86.07
200,85.83
200,85.83
200,85.83
200,86.07
200,86.07
200,85.83
200,85.83
200,85.83
200,85.83
200,86.07
200,86.07
200,85.83
200,85.83
200,85.83
200,85.83
200,85.83
200,85.83
200,85.83
200,85.83
200,85.83
200,85.83
200,85.83
200,86.07
200,85.83
200,85.83
200,85.83
200,85.83
200,85.83
200,85.83
200,86.07
200,85.83
200,85.83
200,86.07
200,86.07
200,85.83
200,85.83
200,85.83
200,86.07
200,86.07
200,86.07
200,86.07
200,86.07
200,85.83
200,86.07
200,85.83
200,85.83
200,86.07
200,86.07
200,86.07
200,86.07
200,86.07
200,85.6
200,86.07
200,86.07
200,86.07
200,85.83
200,85.83
200,85.83
200,85.83
200,85.83
200,85.83
200,85.83
200,85.83
200,85.83
200,85.83
200,86.07
200,85.83
200,86.07
200,85.83
200,85.83
200,85.83
200,86.07
200,85.6
200,85.83
200,86.07
200,85.83
200,85.83
200,85.83
200,85.83
200,86.07
300,57.32
300,57.32
300,57.58
300,57.32
300,57.32
300,57.32
300,57.32
300,57.32
300,57.32
300,57.32
300,57.32
300,57.58
300,57.32
300,57.32
300,57.32
300,57.32
300,57.58
300,57.32
300,57.32
300,57.58
300,57.32
300,57.32
300,57.32
300,57.32
300,57.58
300,57.32
300,57.58
300,57.58
300,57.32
300,57.58
300,57.32
300,57.32
300,57.32
300,57.32
300,57.32
300,57.32
300,57.58
300,57.58
300,57.58
300,57.58
300,57.58
300,57.58
300,57.32
300,57.32
300,57.58
300,57.58
300,57.32
300,57.58
300,57.58
300,57.32
300,57.32
300,57.32
300,57.32
300,57.58
300,57.58
300,57.58
300,57.58
300,57.32
300,57.58
300,57.58
300,57.32
300,57.58
300,57.58
300,57.58
300,57.58
300,57.58
300,57.58
300,57.58
300,57.58
300,57.58
300,57.58
300,57.58
300,57.32
300,57.32
300,57.58
300,57.58
300,57.58
300,57.58
300,57.32
300,57.58
300,57.32
300,57.58
300,57.58
300,57.58
300,57.58
300,57.58
300,57.32
300,57.32
300,57.32
300,57.58
300,57.58
300,57.32
300,57.58
300,57.58
300,57.58
300,57.58
300,57.58
300,57.58
300,57.58
300,57.58
400,42.58
400,42.35
400,42.55
400,42.35
400,42.35
400,42.35
400,42.35
400,42.11
400,42.35
400,42.58
400,42.31
400,42.58
400,42.34
400,42.58
400,42.34
400,42.55
400,42.34
400,42.55
400,42.35
400,42.11
400,42.35
400,42.31
400,42.55
400,42.35
400,42.58
400,42.58
400,42.34
400,42.35
400,42.34
400,42.34
400,42.34
400,42.35
400,42.35
400,42.35
400,42.34
400,42.11
400,42.34
400,42.58
400,42.35
400,42.11
400,42.58
400,42.34
400,42.11
400,42.55
400,42.35
400,42.31
400,42.34
400,42.11
400,42.35
400,42.35
400,42.11
400,42.58
400,42.11
400,42.11
400,42.11
400,42.34
400,42.34
400,42.34
400,42.35
400,42.35
400,42.34
400,42.11
400,42.11
400,42.11
400,42.31
400,42.11
400,42.11
400,42.08
400,42.08
400,42.08
400,42.31
400,42.11
400,42.31
400,42.08
400,42.08
400,42.31
400,42.08
400,42.08
400,42.08
400,42.08
400,42.08
400,42.31
400,42.31
400,42.34
400,42.31
400,42.31
400,42.08
400,42.11
400,42.34
400,42.34
400,42.08
400,42.31
400,42.11
400,42.08
400,42.08
400,42.08
400,42.08
400,42.11
400,42.31
400,42.08
500,33.8
500,33.8
500,33.56
500,33.56
500,33.8
500,33.8
500,33.56
500,33.56
500,33.8
500,33.8
500,33.8
500,33.56
500,33.6
500,33.8
500,33.56
500,33.8
500,33.8
500,33.56
500,33.8
500,33.56
500,33.8
500,33.8
500,33.83
500,33.6
500,33.8
500,33.8
500,33.56
500,33.56
500,33.8
500,33.83
500,33.83
500,33.56
500,33.8
500,33.56
500,33.8
500,33.83
500,33.83
500,33.8
500,33.8
500,33.56
500,33.8
500,33.83
500,33.83
500,33.8
500,33.83
500,33.8
500,33.83
500,33.83
500,33.8
500,33.83
500,33.83
500,33.83
500,33.6
500,33.6
500,33.83
500,33.57
500,33.83
500,33.83
500,33.83
500,33.83
500,33.83
500,33.83
500,33.83
500,33.83
500,33.83
500,33.37
500,33.83
500,33.83
500,33.83
500,33.83
500,33.83
500,33.6
500,33.83
500,33.6
500,33.83
500,33.83
500,33.83
500,33.83
500,33.83
500,33.83
500,33.83
500,33.83
500,33.83
500,33.83
500,33.83
500,33.83
500,33.83
500,33.83
500,33.83
500,33.83
500,33.83
500,33.83
500,33.37
500,33.83
500,33.83
500,33.83
500,33.83
500,33.83
500,33.83
500,33.6
600,27.55
600,27.55
600,27.55
600,27.55
600,27.55
600,27.58
600,27.58
600,27.58
600,27.58
600,27.58
600,27.84
600,27.58
600,27.58
600,27.58
600,27.58
600,27.58
600,27.58
600,27.58
600,27.58
600,27.58
600,27.58
600,27.55
600,27.84
600,27.84
600,27.58
600,27.58
600,27.58
600,27.58
600,27.58
600,27.58
600,27.62
600,27.62
600,27.84
600,27.62
600,27.84
600,27.84
600,27.31
600,27.62
600,27.84
600,27.84
600,27.84
600,27.84
600,27.84
600,27.62
600,27.84
600,27.62
600,27.62
600,27.62
600,27.84
600,27.84
600,27.84
600,27.62
600,27.84
600,27.84
600,27.62
600,27.84
600,27.84
600,27.62
600,27.84
600,27.62
600,27.84
600,27.62
600,27.62
600,27.62
600,27.62
600,27.84
600,27.84
600,27.62
600,27.84
600,27.31
600,27.84
600,27.84
600,27.84
600,27.84
600,27.84
600,27.31
600,27.62
600,27.84
600,27.62
600,27.84
600,27.84
600,27.84
600,27.84
600,27.84
600,27.62
600,27.62
600,27.84
600,27.84
600,28.07
600,27.84
600,27.84
600,27.84
600,27.84
600,28.07
600,27.84
600,28.07
600,27.84
600,28.07
600,28.07
600,27.84
700,23.55
700,23.55
700,23.55
700,23.55
700,23.55
700,23.55
700,23.55
700,23.55
700,23.55
700,23.55
700,23.55
700,23.55
700,23.55
700,23.55
700,23.55
700,23.55
700,23.55
700,23.55
700,23.55
700,23.55
700,23.55
700,23.55
700,23.55
700,23.55
700,23.55
700,23.55
700,23.55
700,23.55
700,23.55
700,23.55
700,23.79
700,23.55
700,23.55
700,23.55
700,23.55
700,23.55
700,23.55
700,23.55
700,23.55
700,23.55
700,23.55
700,23.55
700,23.55
700,23.55
700,23.55
700,23.55
700,23.55
700,23.55
700,23.55
700,23.55
700,23.55
700,23.55
700,23.55
700,23.55
700,23.32
700,23.55
700,23.32
700,23.55
700,23.55
700,23.55
700,23.55
700,23.55
700,23.55
700,23.79
700,23.79
700,23.55
700,23.55
700,23.55
700,23.29
700,23.55
700,23.55
700,23.55
700,23.55
700,23.55
700,23.55
700,23.55
700,23.55
700,23.55
700,23.55
700,23.55
700,23.55
700,23.55
700,23.32
700,23.55
700,23.55
700,23.55
700,23.55
700,23.55
700,23.55
700,23.55
700,23.55
700,23.55
700,23.55
700,23.55
700,23.55
700,23.55
700,23.55
700,23.55
700,23.55
700,23.55
800,21.06
800,21.06
800,21.06
800,21.06
800,21.06
800,21.06
800,21.06
800,21.06
800,21.06
800,21.06
800,21.06
800,21.06
800,21.06
800,21.06
800,20.8
800,21.06
800,21.06
800,21.06
800,21.06
800,21.06
800,21.06
800,21.06
800,21.06
800,21.06
800,21.06
800,21.06
800,21.06
800,20.79
800,21.06
800,21.06
800,21.06
800,21.06
800,20.79
800,20.79
800,20.79
800,20.79
800,20.79
800,20.79
800,20.79
800,20.79
800,20.79
800,20.79
800,20.79
800,20.79
800,20.79
800,20.79
800,20.79
800,20.79
800,20.79
800,20.79
800,20.79
800,20.79
800,20.79
800,20.79
800,20.79
800,20.79
800,20.79
800,20.79
800,20.79
800,21.06
800,20.79
800,20.79
800,20.79
800,20.79
800,20.79
800,20.79
800,20.79
800,20.79
800,20.79
800,20.79
800,20.79
800,20.79
800,20.79
800,20.79
800,20.79
800,20.79
800,20.79
800,20.79
800,20.79
800,20.79
800,21.06
800,20.79
800,20.79
800,20.79
800,20.79
800,20.79
800,20.79
800,20.79
800,20.79
800,20.79
800,20.79
800,20.79
800,20.79
800,20.79
800,20.79
800,20.79
800,20.79
800,20.79
800,20.79
800,20.79
900,18.07
900,18.07
900,18.04
900,18.04
900,18.07
900,18.07
900,18.04
900,18.04
900,18.07
900,18.3
900,18.04
900,18.07
900,18.04
900,18.3
900,18.07
900,18.3
900,18.3
900,18.07
900,18.07
900,18.3
900,18.07
900,18.07
900,18.3
900,18.07
900,18.07
900,18.07
900,18.07
900,18.3
900,18.07
900,18.3
900,18.53
900,18.3
900,18.03
900,18.07
900,18.07
900,18.07
900,18.07
900,18.07
900,18.07
900,18.07
900,18.07
900,18.07
900,18.07
900,18.07
900,18.07
900,18.07
900,18.07
900,18.07
900,17.8
900,18.07
900,18.07
900,18.07
900,17.8
900,17.8
900,18.07
900,18.07
900,18.07
900,18.07
900,18.07
900,18.07
900,18.07
900,18.07
900,18.07
900,18.07
900,18.07
900,18.07
900,18.07
900,17.8
900,18.07
900,18.07
900,18.07
900,18.07
900,18.07
900,18.07
900,18.07
900,17.8
900,17.8
900,17.8
900,18.07
900,17.8
900,17.8
900,18.3
900,17.8
900,18.03
900,17.8
900,17.8
900,18.07
900,17.8
900,17.8
900,18.07
900,18.07
900,18.3
900,17.8
900,18.07
900,18.07
900,17.8
900,17.8
900,17.8
900,18.07
900,17.8
1000,16.27
1000,16.27
1000,16.27
1000,16.27
1000,16.27
1000,16.27
1000,16.27
1000,16.27
1000,16.27
1000,16.27
1000,16.27
1000,16.27
1000,16.27
1000,16.27
1000,16.05
1000,16.27
1000,16.27
1000,16.27
1000,16.27
1000,16.27
1000,16.27
1000,16.27
1000,16.27
1000,16.27
1000,16.27
1000,16.27
1000,16.27
1000,16.27
1000,16.27
1000,16.27
1000,16.27
1000,16.27
1000,16.52
1000,16.27
1000,16.27
1000,16.27
1000,16.27
1000,16.27
1000,16.27
1000,16.27
1000,16.27
1000,16.27
1000,16.27
1000,16.27
1000,16.27
1000,16.27
1000,16.27
1000,15.55
1000,15.55
1000,15.55
1000,16.27
1000,16.27
1000,16.27
1000,16.27
1000,16.27
1000,16.27
1000,16.27
1000,15.55
1000,16.27
1000,16.52
1000,16.27
1000,15.55
1000,15.55
1000,16.52
1000,16.27
1000,16.27
1000,16.27
1000,15.55
1000,16.26
1000,16.27
1000,16.27
1000,16.52
1000,16.52
1000,16.27
1000,16.27
1000,16.26
1000,16.27
1000,16.27
1000,16.27
1000,16.27
1000,16.27
1000,16.27
1000,16.52
1000,16.27
1000,16.27
1000,16.27
1000,16.27
1000,15.55
1000,16.27
1000,16.27
1000,16.27
1000,16.27
1000,16.52
1000,16.27
1000,16.52
1000,16.27
1000,16.27
1000,16.27
1000,16.27
1000,16.27
1100,14.81
1100,14.81
1100,14.81
1100,14.81
1100,14.81
1100,14.81
1100,14.81
1100,14.81
1100,14.81
1100,14.81
1100,14.81
1100,14.81
1100,14.81
1100,14.81
1100,14.81
1100,14.81
1100,14.81
1100,14.81
1100,14.81
1100,14.81
1100,14.81
1100,14.81
1100,14.81
1100,14.81
1100,14.81
1100,14.81
1100,14.81
1100,14.81
1100,14.81
1100,14.81
1100,14.81
1100,14.81
1100,14.81
1100,14.81
1100,14.81
1100,14.81
1100,14.81
1100,14.81
1100,14.81
1100,14.81
1100,14.81
1100,14.81
1100,14.81
1100,14.81
1100,14.81
1100,14.81
1100,14.81
1100,14.81
1100,14.81
1100,14.81
1100,14.81
1100,14.81
1100,14.81
1100,14.81
1100,14.81
1100,14.81
1100,14.81
1100,14.81
1100,14.81
1100,14.81
1100,14.81
1100,14.81
1100,14.81
1100,14.81
1100,14.81
1100,14.81
1100,14.81
1100,14.81
1100,14.81
1100,14.81
1100,14.81
1100,14.81
1100,14.81
1100,14.81
1100,14.81
1100,14.81
1100,14.81
1100,14.81
1100,14.81
1100,14.81
1100,14.81
1100,14.81
1100,14.81
1100,14.81
1100,14.81
1100,14.81
1100,14.81
1100,14.81
1100,14.81
1100,14.81
1100,14.81
1100,14.81
1100,14.81
1100,14.81
1100,14.81
1100,14.81
1100,14.81
1100,14.81
1100,14.81
1100,14.81
1200,13.56
1200,13.56
1200,13.52
1200,13.56
1200,13.56
1200,13.52
1200,13.56
1200,13.56
1200,13.56
1200,13.52
1200,13.56
1200,13.56
1200,13.56
1200,13.56
1200,13.56
1200,13.56
1200,13.56
1200,13.56
1200,13.56
1200,13.56
1200,13.56
1200,13.56
1200,13.56
1200,13.04
1200,13.56
1200,13.28
1200,13.56
1200,13.56
1200,13.56
1200,13.56
1200,13.56
1200,13.52
1200,13.56
1200,13.56
1200,13.52
1200,13.56
1200,13.56
1200,13.56
1200,13.56
1200,13.56
1200,13.56
1200,13.56
1200,13.28
1200,13.56
1200,13.28
1200,13.52
1200,13.52
1200,13.56
1200,13.56
1200,13.52
1200,13.56
1200,13.56
1200,13.56
1200,13.56
1200,13.28
1200,13.56
1200,13.56
1200,13.56
1200,13.56
1200,13.56
1200,13.56
1200,13.28
1200,13.56
1200,13.56
1200,13.56
1200,13.56
1200,13.56
1200,13.56
1200,13.56
1200,13.56
1200,13.56
1200,13.52
1200,13.56
1200,13.56
1200,13.56
1200,13.56
1200,13.56
1200,13.52
1200,13.56
1200,13.56
1200,13.56
1200,13.52
1200,13.56
1200,13.56
1200,13.56
1200,13.56
1200,13.56
1200,13.56
1200,13.56
1200,13.56
1200,13.56
1200,13.52
1200,13.56
1200,13.52
1200,13.56
1200,13.56
1200,13.28
1200,13.56
1200,13.28
1200,13.56
1300,12.02
1300,12.02
1300,12.02
1300,12.02
1300,12.02
1300,12.02
1300,12.02
1300,12.02
1300,12.02
1300,12.02
1300,12.02
1300,12.02
1300,12.02
1300,12.02
1300,12.02
1300,12.02
1300,12.54
1300,12.02
1300,12.02
1300,12.02
1300,12.54
1300,12.02
1300,12.02
1300,12.02
1300,12.02
1300,12.02
1300,12.02
1300,12.02
1300,12.54
1300,12.02
1300,12.02
1300,12.02
1300,12.02
1300,12.02
1300,12.02
1300,12.02
1300,12.02
1300,12.02
1300,12.02
1300,12.02
1300,12.02
1300,12.02
1300,12.02
1300,12.02
1300,12.02
1300,12.02
1300,12.54
1300,12.02
1300,12.02
1300,12.02
1300,12.02
1300,12.02
1300,12.02
1300,12.28
1300,12.02
1300,12.02
1300,12.02
1300,12.02
1300,12.02
1300,12.02
1300,12.02
1300,12.02
1300,12.02
1300,12.02
1300,12.54
1300,12.02
1300,12.02
1300,12.02
1300,12.02
1300,12.02
1300,12.02
1300,12.02
1300,12.02
1300,12.02
1300,12.28
1300,12.02
1300,12.02
1300,11.76
1300,12.02
1300,12.02
1300,11.76
1300,12.02
1300,12.02
1300,12.02
1300,12.02
1300,12.54
1300,12.02
1300,12.02
1300,12.02
1300,12.28
1300,12.54
1300,12.02
1300,12.02
1300,12.02
1300,11.76
1300,12.28
1300,11.76
1300,12.28
1300,12.28
1300,12.54
1400,11.56
1400,11.28
1400,11.56
1400,11.28
1400,11.28
1400,11.56
1400,11.28
1400,11.28
1400,11.28
1400,11.28
1400,11.28
1400,11.28
1400,11.28
1400,11.56
1400,11.28
1400,11.28
1400,11.28
1400,11.28
1400,11.28
1400,11.28
1400,11.56
1400,11.28
1400,11.28
1400,11.28
1400,11.56
1400,11.56
1400,11.28
1400,11.28
1400,11.56
1400,11.28
1400,11.28
1400,11.56
1400,11.56
1400,11.56
1400,11.28
1400,11.28
1400,11.56
1400,11.28
1400,11.56
1400,11.28
1400,11.56
1400,11.56
1400,11.56
1400,11.28
1400,11.56
1400,11.28
1400,11.56
1400,11.56
1400,11.56
1400,11.56
1400,11.56
1400,11.56
1400,11.56
1400,11.56
1400,11.56
1400,11.28
1400,11.28
1400,11.82
1400,11.28
1400,11.82
1400,11.54
1400,11.82
1400,11.54
1400,11.54
1400,11.54
1400,11.28
1400,11.82
1400,11.82
1400,11.54
1400,11.54
1400,11.54
1400,11.82
1400,11.54
1400,11.54
1400,11.54
1400,11.82
1400,11.54
1400,11.54
1400,11.54
1400,11.82
1400,11.54
1400,11.54
1400,11.82
1400,11.54
1400,11.82
1400,11.82
1400,11.54
1400,11.82
1400,11.82
1400,11.82
1400,11.54
1400,11.54
1400,11.54
1400,11.82
1400,11.54
1400,11.82
1400,11.54
1400,11.82
1400,11.54
1400,11.54
1500,10.76
1500,10.76
1500,10.26
1500,10.26
1500,10.26
1500,10.26
1500,10.26
1500,10.26
1500,10.76
1500,10.76
1500,10.76
1500,10.76
1500,10.76
1500,10.76
1500,10.52
1500,10.02
1500,10.26
1500,10.76
1500,10
1500,10.76
1500,10.76
1500,10.76
1500,10.5
1500,10.76
1500,10.5
1500,10.5
1500,10.5
1500,10.76
1500,10.76
1500,10.26
1500,10.52
1500,10.76
1500,10.76
1500,10.5
1500,10.52
1500,10.76
1500,10.76
1500,10.76
1500,10.52
1500,10.5
1500,10.76
1500,10.52
1500,10.52
1500,10.26
1500,10.52
1500,10.76
1500,10.76
1500,10.52
1500,10.5
1500,10.5
1500,10.5
1500,10.5
1500,10
1500,10.5
1500,10.52
1500,10.76
1500,10.26
1500,10.5
1500,10.5
1500,10.26
1500,10.5
1500,10.76
1500,10.26
1500,10.5
1500,10
1500,10.76
1500,10.5
1500,10.76
1500,10.76
1500,10.5
1500,10.76
1500,10.5
1500,10.76
1500,10.76
1500,10.76
1500,10.5
1500,10.76
1500,10.5
1500,10.5
1500,10.26
1500,10.5
1500,10.52
1500,10.52
1500,10.5
1500,10.5
1500,10.26
1500,10.5
1500,10.26
1500,10
1500,10.76
1500,10.76
1500,10.5
1500,10.52
1500,10.76
1500,10.52
1500,10.76
1500,10.76
1500,10.76
1500,10.76
1500,10.26
