,fixed distance ,,,,,,,,,
id,N [bit], Size [mm], Size [px], Dist [mm], Angle [rad], Angle [deg],abs,Column1,double fold, Alpha [px/bit]
1310,5,50,54.9,307.71,0.39061,22.38,22.38,67.62,22.62,7.843
1284,5,50,54.86,308,-0.01818,-1.042,1.042,88.958,43.958,7.837
554,5,50,54.81,308.31,0.01786,1.023,1.023,88.977,43.977,7.83
1131,5,50,54.77,308.58,-0.31039,-17.784,17.784,72.216,27.216,7.824
1391,5,50,54.75,308.6,0.39061,22.38,22.38,67.62,22.62,7.821
1130,5,50,54.73,308.77,-0.16515,-9.462,9.462,80.538,35.538,7.818
497,5,50,54.71,308.88,0.12659,7.253,7.253,82.747,37.747,7.815
499,5,50,54.67,309.11,-0.21482,-12.308,12.308,77.692,32.692,7.811
498,5,50,54.67,309.06,-0.10866,-6.226,6.226,83.774,38.774,7.811
1257,5,50,54.66,309.13,-0.05258,-3.013,3.013,86.987,41.987,7.809
1156,5,50,54.65,309.22,-0.05352,-3.066,3.066,86.934,41.934,7.806
555,5,50,54.63,309.35,-0.16821,-9.638,9.638,80.362,35.362,7.805
1394,5,50,54.63,309.29,-0.16515,-9.462,9.462,80.538,35.538,7.805
1367,5,50,54.6,309.46,-0.10866,-6.226,6.226,83.774,38.774,7.801
1181,5,50,54.61,309.42,0,0,0,90,45,7.801
1393,5,50,54.6,309.5,0.01786,1.023,1.023,88.977,43.977,7.799
496,5,50,54.58,309.54,0.27095,15.524,15.524,74.476,29.476,7.797
1337,5,50,54.56,309.55,0.41451,23.75,23.75,66.25,21.25,7.794
527,5,50,54.56,309.76,-0.12659,-7.253,7.253,82.747,37.747,7.794
1392,5,50,54.54,309.8,0.17138,9.819,9.819,80.181,35.181,7.792
1182,5,50,54.54,309.83,-0.1974,-11.31,11.31,78.69,33.69,7.791
1285,5,50,54.54,309.83,-0.1974,-11.31,11.31,78.69,33.69,7.791
440,5,50,54.52,309.86,0.03702,2.121,2.121,87.879,42.879,7.789
504,5,50,54.5,310.08,-1.03351,-59.216,59.216,30.784,14.216,7.786
1129,5,50,54.5,310.02,0.01818,1.042,1.042,88.958,43.958,7.786
1134,5,50,54.48,310.22,-0.87377,-50.064,50.064,39.936,5.064,7.783
1286,5,50,54.48,310.21,-0.3274,-18.759,18.759,71.241,26.241,7.783
528,5,50,54.48,310.24,-0.34422,-19.722,19.722,70.278,25.278,7.782
1183,5,50,54.48,310.24,-0.34422,-19.722,19.722,70.278,25.278,7.782
1283,5,50,54.47,310.14,0.20464,11.725,11.725,78.275,33.275,7.782
553,5,50,54.45,310.36,0.23625,13.536,13.536,76.464,31.464,7.779
1255,5,50,54.45,310.3,0.32175,18.435,18.435,71.565,26.565,7.778
1179,5,50,54.44,310.3,0.39061,22.38,22.38,67.62,22.62,7.777
556,5,50,54.44,310.44,-0.31597,-18.104,18.104,71.896,26.896,7.777
1341,5,50,54.44,310.37,-0.24925,-14.281,14.281,75.719,30.719,7.777
567,5,50,54.43,310.33,-2.54859,-146.024,146.024,56.024,11.024,7.776
525,5,50,54.43,310.43,0.23625,13.536,13.536,76.464,31.464,7.776
1136,5,50,54.41,310.62,-1.2434,-71.241,71.241,18.759,26.241,7.773
506,5,50,54.41,310.6,-1.3734,-78.69,78.69,11.31,33.69,7.773
562,5,50,54.4,310.66,-1.42372,-81.573,81.573,8.427,36.573,7.772
1348,5,50,54.4,310.66,-1.69739,-97.253,97.253,7.253,37.747,7.772
501,5,50,54.39,310.7,-0.54348,-31.139,31.139,58.861,13.861,7.771
1232,5,50,54.4,310.64,-0.11066,-6.34,6.34,83.66,38.66,7.771
1340,5,50,54.4,310.64,-0.11066,-6.34,6.34,83.66,38.66,7.771
438,5,50,54.39,310.59,0.46365,26.565,26.565,63.435,18.435,7.77
1259,5,50,54.36,310.88,-0.42367,-24.274,24.274,65.726,20.726,7.766
1313,5,50,54.36,310.92,-0.18311,-10.491,10.491,79.509,34.509,7.765
1338,5,50,54.34,310.92,0.23625,13.536,13.536,76.464,31.464,7.763
500,5,50,54.33,311.05,-0.35031,-20.072,20.072,69.928,24.928,7.762
1292,5,50,54.33,311.09,-1.36615,-78.275,78.275,11.725,33.275,7.761
1396,5,50,54.31,311.21,-0.48885,-28.009,28.009,61.991,16.991,7.758
1132,5,50,54.31,311.2,-0.48018,-27.512,27.512,62.488,17.488,7.758
1287,5,50,54.31,311.2,-0.48018,-27.512,27.512,62.488,17.488,7.758
1282,5,50,54.31,311.09,0.40489,23.199,23.199,66.801,21.801,7.758
1361,5,50,54.31,310.95,1.18019,67.62,67.62,22.38,22.62,7.758
1207,5,50,54.29,311.24,-0.0726,-4.16,4.16,85.84,40.84,7.756
1256,5,50,54.29,311.21,0.12891,7.386,7.386,82.614,37.614,7.755
439,5,50,54.28,311.24,0.27095,15.524,15.524,74.476,29.476,7.754
1112,5,50,54.28,311.33,-1.78947,-102.529,102.529,12.529,32.471,7.754
526,5,50,54.28,311.33,0.05449,3.122,3.122,86.878,41.878,7.754
1212,5,50,54.27,311.41,-1.03351,-59.216,59.216,30.784,14.216,7.753
1365,5,50,54.27,311.23,0.25825,14.797,14.797,75.203,30.203,7.753
1320,5,50,54.27,311.41,-1.5708,-90,90,0,45,7.753
1211,5,50,54.27,311.43,-0.8486,-48.622,48.622,41.378,3.622,7.752
1186,5,50,54.26,311.47,-0.90175,-51.667,51.667,38.333,6.667,7.751
1342,5,50,54.25,311.54,-0.43114,-24.702,24.702,65.298,20.298,7.75
1387,5,50,54.25,311.25,1.28996,73.909,73.909,16.091,28.909,7.75
1321,5,50,54.25,311.46,-1.77175,-101.514,101.514,11.514,33.486,7.75
441,5,50,54.25,311.54,-0.14708,-8.427,8.427,81.573,36.573,7.75
1368,5,50,54.24,311.51,-0.2985,-17.103,17.103,72.897,27.897,7.749
529,5,50,54.24,311.6,-0.47952,-27.474,27.474,62.526,17.526,7.748
536,5,50,54.24,311.54,-1.90404,-109.094,109.094,19.094,25.906,7.748
551,5,50,54.23,311.49,0.58308,33.408,33.408,56.592,11.592,7.747
1082,5,50,54.21,311.71,-0.07006,-4.014,4.014,85.986,40.986,7.744
517,5,50,54.2,311.44,2.16922,124.287,124.287,34.287,10.713,7.743
1265,5,50,54.2,311.77,-1.6434,-94.16,94.16,4.16,40.84,7.743
1109,5,50,54.19,311.86,-1.16354,-66.666,66.666,23.334,21.666,7.742
1161,5,50,54.19,311.86,-1.16354,-66.666,66.666,23.334,21.666,7.742
1291,5,50,54.19,311.86,-1.16354,-66.666,66.666,23.334,21.666,7.742
1395,5,50,54.19,311.87,-0.35031,-20.072,20.072,69.928,24.928,7.742
1314,5,50,54.18,311.9,-0.38051,-21.801,21.801,68.199,23.199,7.741
1311,5,50,54.19,311.79,0.1622,9.293,9.293,80.707,35.707,7.741
531,5,50,54.18,311.95,-0.86418,-49.514,49.514,40.486,4.514,7.74
524,5,50,54.18,311.79,0.44752,25.641,25.641,64.359,19.359,7.74
534,5,50,54.18,312,-1.43948,-82.476,82.476,7.524,37.476,7.74
688,5,50,54.17,311.88,0.62464,35.789,35.789,54.211,9.211,7.739
1263,5,50,54.17,311.97,-1.16354,-66.666,66.666,23.334,21.666,7.739
1332,5,50,54.17,311.67,1.64613,94.316,94.316,4.316,40.684,7.738
1204,5,50,54.16,311.91,0.593,33.977,33.977,56.023,11.023,7.737
1135,5,50,54.16,312.05,-1.04002,-59.589,59.589,30.411,14.589,7.737
508,5,50,54.16,311.98,-1.85685,-106.39,106.39,16.39,28.61,7.737
1230,5,50,54.16,311.88,0.27095,15.524,15.524,74.476,29.476,7.737
1116,5,50,54.15,311.91,-2.80835,-160.907,160.907,70.907,25.907,7.735
1180,5,50,54.14,312.04,0.20464,11.725,11.725,78.275,33.275,7.735
1155,5,50,54.14,312.08,0.1622,9.293,9.293,80.707,35.707,7.734
503,5,50,54.13,312.22,-0.86418,-49.514,49.514,40.486,4.514,7.733
1398,5,50,54.13,312.22,-0.8876,-50.856,50.856,39.144,5.856,7.733
1127,5,50,54.13,312,0.44752,25.641,25.641,64.359,19.359,7.733
1184,5,50,54.12,312.26,-0.49642,-28.443,28.443,61.557,16.557,7.732
1364,5,50,54.13,312.08,0.49642,28.443,28.443,61.557,16.557,7.732
1206,5,50,54.13,312.13,0.14444,8.276,8.276,81.724,36.724,7.732
1281,5,50,54.12,312.13,0.54348,31.139,31.139,58.861,13.861,7.731
558,5,50,54.11,312.34,-0.61377,-35.166,35.166,54.834,9.834,7.73
505,5,50,54.11,312.4,-1.19707,-68.587,68.587,21.413,23.587,7.73
1270,5,50,54.11,312.13,-2.80835,-160.907,160.907,70.907,25.907,7.73
679,5,50,54.1,312.13,-2.74396,-157.218,157.218,67.218,22.218,7.729
564,5,50,54.1,312.34,-1.85685,-106.39,106.39,16.39,28.61,7.729
518,5,50,54.1,312.05,1.85163,106.091,106.091,16.091,28.909,7.728
540,5,50,54.1,312.15,-2.86579,-164.198,164.198,74.198,29.198,7.728
1366,5,50,54.1,312.3,0.09233,5.29,5.29,84.71,39.71,7.728
1304,5,50,54.08,312.12,1.91009,109.44,109.44,19.44,25.56,7.726
1339,5,50,54.08,312.46,0.09233,5.29,5.29,84.71,39.71,7.726
1279,5,50,54.07,312.35,1.09062,62.488,62.488,27.512,17.488,7.725
513,5,50,54.07,312.33,-3.06765,-175.764,175.764,85.764,40.764,7.724
559,5,50,54.06,312.6,-0.83798,-48.013,48.013,41.987,3.013,7.723
1363,5,50,54.06,312.45,0.6288,36.027,36.027,53.973,8.973,7.723
1254,5,50,54.06,312.45,0.5344,30.619,30.619,59.381,14.381,7.723
547,5,50,54.06,312.29,1.62432,93.067,93.067,3.067,41.933,7.723
1209,5,50,54.05,312.68,-0.43984,-25.201,25.201,64.799,19.799,7.722
1233,5,50,54.05,312.65,-0.35031,-20.072,20.072,69.928,24.928,7.722
1128,5,50,54.05,312.57,0.24053,13.782,13.782,76.218,31.218,7.722
1227,5,50,54.05,312.5,1.10715,63.435,63.435,26.565,18.435,7.721
1373,5,50,54.05,312.63,-1.2723,-72.897,72.897,17.103,27.897,7.721
1369,5,50,54.04,312.74,-0.44752,-25.641,25.641,64.359,19.359,7.72
1162,5,50,54.04,312.72,-1.34814,-77.243,77.243,12.757,32.243,7.72
1110,5,50,54.04,312.73,-1.36615,-78.275,78.275,11.725,33.275,7.72
1138,5,50,54.04,312.74,-1.64086,-94.014,94.014,4.014,40.986,7.72
1309,5,50,54.03,312.66,0.55284,31.675,31.675,58.325,13.325,7.719
1290,5,50,54.03,312.77,-1.01796,-58.325,58.325,31.675,13.325,7.719
549,5,50,54.04,312.56,1.11535,63.905,63.905,26.095,18.905,7.719
1111,5,50,54.03,312.78,-1.58865,-91.023,91.023,1.023,43.977,7.719
1417,5,50,54.03,312.7,0.68319,39.144,39.144,50.856,5.856,7.718
1260,5,50,54.02,312.78,-0.6078,-34.825,34.825,55.175,10.175,7.718
1187,5,50,54.02,312.85,-1.06551,-61.049,61.049,28.951,16.049,7.717
1399,5,50,54.02,312.85,-1.06551,-61.049,61.049,28.951,16.049,7.717
495,5,50,54.02,312.75,0.47178,27.031,27.031,62.969,17.969,7.717
1231,5,50,54.02,312.77,0.12891,7.386,7.386,82.614,37.614,7.717
502,5,50,54.01,312.92,-0.6288,-36.027,36.027,53.973,8.973,7.716
1113,5,50,54.01,312.79,-2.02625,-116.096,116.096,26.096,18.904,7.716
1250,5,50,54.01,312.56,1.60714,92.083,92.083,2.083,42.917,7.716
1318,5,50,54,312.98,-1.10715,-63.435,63.435,26.565,18.435,7.714
1208,5,50,53.99,313.03,-0.22266,-12.758,12.758,77.242,32.242,7.713
1258,5,50,53.99,313.03,-0.22266,-12.758,12.758,77.242,32.242,7.713
548,5,50,53.99,312.8,1.36984,78.486,78.486,11.514,33.486,7.712
1344,5,50,53.98,313.11,-0.85024,-48.715,48.715,41.285,3.715,7.711
552,5,50,53.98,312.98,0.40489,23.199,23.199,66.801,21.801,7.711
1205,5,50,53.98,313.04,0.40489,23.199,23.199,66.801,21.801,7.711
1317,5,50,53.97,313.13,-0.942,-53.973,53.973,36.027,8.973,7.71
1315,5,50,53.97,313.14,-0.5681,-32.55,32.55,57.45,12.45,7.71
560,5,50,53.97,313.13,-1.02401,-58.671,58.671,31.329,13.671,7.71
515,5,50,53.97,312.81,2.71959,155.821,155.821,65.821,20.821,7.71
1154,5,50,53.97,313.04,0.39763,22.782,22.782,67.218,22.218,7.71
492,5,50,53.97,312.9,1.20765,69.193,69.193,20.807,24.193,7.71
519,5,50,53.97,312.87,1.66146,95.195,95.195,5.195,39.805,7.71
1390,5,50,53.97,313.06,0.53728,30.784,30.784,59.216,14.216,7.709
1298,5,50,53.96,312.95,-2.8023,-160.56,160.56,70.56,25.56,7.709
1157,5,50,53.96,313.14,-0.25367,-14.534,14.534,75.466,30.466,7.709
1239,5,50,53.97,313.17,-1.71787,-98.427,98.427,8.427,36.573,7.709
1117,5,50,53.96,312.9,-3.03293,-173.774,173.774,83.774,38.774,7.709
1397,5,50,53.96,313.17,-0.68319,-39.144,39.144,50.856,5.856,7.708
1336,5,50,53.96,313.05,0.6288,36.027,36.027,53.973,8.973,7.708
1229,5,50,53.96,313.05,0.52807,30.256,30.256,59.744,14.744,7.708
1289,5,50,53.95,313.28,-0.83798,-48.013,48.013,41.987,3.013,7.707
821,5,50,53.95,313.11,0.63977,36.656,36.656,53.344,8.344,7.707
545,5,50,53.95,312.88,2.16922,124.287,124.287,34.287,10.713,7.707
542,5,50,53.95,312.94,2.93313,168.056,168.056,78.056,33.056,7.707
537,5,50,53.94,313.22,-2.11122,-120.964,120.964,30.964,14.036,7.706
561,5,50,53.94,313.39,-1.20765,-69.193,69.193,20.807,24.193,7.705
1409,5,50,53.94,312.96,2.77845,159.193,159.193,69.193,24.193,7.705
520,5,50,53.94,313.05,1.38769,79.509,79.509,10.491,34.509,7.705
1185,5,50,53.92,313.36,-0.68319,-39.144,39.144,50.856,5.856,7.703
1322,5,50,53.92,313.33,-2.00194,-114.703,114.703,24.703,20.297,7.703
1278,5,50,53.92,313.14,1.34814,77.243,77.243,12.757,32.243,7.703
1359,5,50,53.92,313.14,1.74218,99.819,99.819,9.819,35.181,7.703
494,5,50,53.91,313.29,0.72055,41.285,41.285,48.715,3.715,7.701
1413,5,50,53.91,313.18,1.68145,96.34,96.34,6.34,38.66,7.701
521,5,50,53.9,313.31,1.12395,64.398,64.398,25.602,19.398,7.7
1160,5,50,53.89,313.6,-0.942,-53.973,53.973,36.027,8.973,7.699
1326,5,50,53.89,313.35,-3.01028,-172.476,172.476,82.476,37.476,7.699
1261,5,50,53.89,313.63,-0.83798,-48.013,48.013,41.987,3.013,7.698
491,5,50,53.88,313.4,1.53235,87.797,87.797,2.203,42.797,7.698
1307,5,50,53.88,313.48,1.06551,61.049,61.049,28.951,16.049,7.697
1288,5,50,53.87,313.73,-0.61377,-35.166,35.166,54.834,9.834,7.696
1345,5,50,53.87,313.73,-1.03351,-59.216,59.216,30.784,14.216,7.696
557,5,50,53.87,313.7,-0.48784,-27.951,27.951,62.049,17.049,7.696
1324,5,50,53.86,313.65,-2.50182,-143.344,143.344,53.344,8.344,7.694
1164,5,50,53.86,313.68,-1.77926,-101.944,101.944,11.944,33.056,7.694
1294,5,50,53.86,313.68,-1.77926,-101.944,101.944,11.944,33.056,7.694
1244,5,50,53.85,313.55,-3.06626,-175.684,175.684,85.684,40.684,7.693
523,5,50,53.84,313.77,0.65457,37.504,37.504,52.496,7.496,7.692
1370,5,50,53.83,313.94,-0.61377,-35.166,35.166,54.834,9.834,7.69
1108,5,50,53.83,313.95,-0.96299,-55.176,55.176,34.824,10.176,7.69
1276,5,50,53.83,313.6,1.83379,105.069,105.069,15.069,29.931,7.69
1266,5,50,53.83,313.9,-1.82905,-104.797,104.797,14.797,30.203,7.69
1362,5,50,53.82,313.72,0.89883,51.499,51.499,38.501,6.499,7.689
1264,5,50,53.83,313.98,-1.4086,-80.707,80.707,9.293,35.707,7.689
1407,5,50,53.83,313.73,-3.03094,-173.66,173.66,83.66,38.66,7.689
1371,5,50,53.82,314.02,-0.89028,-51.009,51.009,38.991,6.009,7.688
1352,5,50,53.82,313.82,-2.66142,-152.488,152.488,62.488,17.488,7.688
1251,5,50,53.82,313.7,1.2723,72.897,72.897,17.103,27.897,7.688
1402,5,50,53.82,314.04,-1.71787,-98.427,98.427,8.427,36.573,7.688
541,5,50,53.82,313.78,3.14159,180,180,90,45,7.688
487,5,50,53.81,313.75,2.66982,152.969,152.969,62.969,17.969,7.687
1202,5,50,53.81,313.84,1.15629,66.251,66.251,23.749,21.251,7.687
566,5,50,53.8,314.06,-2.35619,-135,135,45,0,7.686
532,5,50,53.8,314.11,-1.05841,-60.642,60.642,29.358,15.642,7.686
1144,5,50,53.8,313.8,-3.10525,-177.918,177.918,87.918,42.918,7.686
1330,5,50,53.8,313.77,2.16415,123.997,123.997,33.997,11.003,7.685
1346,5,50,53.79,314.17,-1.19029,-68.199,68.199,21.801,23.199,7.685
1331,5,50,53.79,313.79,1.89255,108.435,108.435,18.435,26.565,7.685
530,5,50,53.79,314.22,-0.6288,-36.027,36.027,53.973,8.973,7.684
1106,5,50,53.79,314.21,-0.51239,-29.358,29.358,60.642,15.642,7.684
1388,5,50,53.79,313.99,1.07437,61.557,61.557,28.443,16.557,7.684
1158,5,50,53.78,314.23,-0.48784,-27.951,27.951,62.049,17.049,7.684
1170,5,50,53.79,313.86,2.8786,164.932,164.932,74.932,29.932,7.684
1372,5,50,53.78,314.23,-1.08194,-61.991,61.991,28.009,16.991,7.683
546,5,50,53.78,313.89,1.85685,106.39,106.39,16.39,28.61,7.683
1169,5,50,53.78,313.91,-3.10525,-177.918,177.918,87.918,42.918,7.683
1163,5,50,53.78,314.2,-1.5708,-90,90,0,45,7.683
1386,5,50,53.77,313.97,1.58931,91.061,91.061,1.061,43.939,7.682
538,5,50,53.77,314.28,-2.40743,-137.936,137.936,47.936,2.936,7.681
533,5,50,53.77,314.39,-1.24905,-71.565,71.565,18.435,26.565,7.681
1124,5,50,53.77,314.04,1.2723,72.897,72.897,17.103,27.897,7.681
1319,5,50,53.76,314.39,-1.34814,-77.243,77.243,12.757,32.243,7.68
514,5,50,53.76,314.06,2.95511,169.315,169.315,79.315,34.315,7.68
1381,5,50,53.76,314.06,2.95511,169.315,169.315,79.315,34.315,7.68
1200,5,50,53.74,314.1,1.74218,99.819,99.819,9.819,35.181,7.678
1353,5,50,53.74,314.17,-2.97339,-170.363,170.363,80.363,35.363,7.678
1149,5,50,53.74,314.09,1.73595,99.462,99.462,9.462,35.538,7.678
1137,5,50,53.75,314.44,-1.42372,-81.573,81.573,8.427,36.573,7.678
1238,5,50,53.75,314.44,-1.42372,-81.573,81.573,8.427,36.573,7.678
1347,5,50,53.75,314.44,-1.42372,-81.573,81.573,8.427,36.573,7.678
1150,5,50,53.74,314.17,1.48014,84.806,84.806,5.194,39.806,7.677
1220,5,50,53.74,314.21,-3.06626,-175.684,175.684,85.684,40.684,7.677
1271,5,50,53.74,314.21,-3.06626,-175.684,175.684,85.684,40.684,7.677
1299,5,50,53.74,314.21,-3.06626,-175.684,175.684,85.684,40.684,7.677
1400,5,50,53.74,314.57,-1.31254,-75.203,75.203,14.797,30.203,7.676
1203,5,50,53.73,314.31,0.8876,50.856,50.856,39.144,5.856,7.675
1086,5,50,53.73,314.56,-1.03351,-59.216,59.216,30.784,14.216,7.675
565,5,50,53.72,314.55,-2.09223,-119.876,119.876,29.876,15.124,7.674
1325,5,50,53.72,314.41,-2.76787,-158.587,158.587,68.587,23.587,7.674
1252,5,50,53.7,314.51,1.06551,61.049,61.049,28.951,16.049,7.672
1104,5,50,53.7,314.61,-0.05449,-3.122,3.122,86.878,41.878,7.672
543,5,50,53.7,314.38,2.65274,151.991,151.991,61.991,16.991,7.671
1273,5,50,53.7,314.38,2.65376,152.049,152.049,62.049,17.049,7.671
1118,5,50,53.7,314.43,2.93695,168.275,168.275,78.275,33.275,7.671
1401,5,50,53.7,314.72,-1.47847,-84.71,84.71,5.29,39.71,7.671
1178,5,50,53.69,314.66,0.63584,36.431,36.431,53.569,8.569,7.67
1084,5,50,53.69,314.79,-0.5681,-32.55,32.55,57.45,12.45,7.67
1236,5,50,53.69,314.77,-1.0083,-57.771,57.771,32.229,12.771,7.67
1142,5,50,53.69,314.62,-2.62016,-150.124,150.124,60.124,15.124,7.67
1188,5,50,53.69,314.76,-1.2723,-72.897,72.897,17.103,27.897,7.67
1272,5,50,53.69,314.5,2.96174,169.695,169.695,79.695,34.695,7.67
1081,5,50,53.69,314.68,0.1622,9.293,9.293,80.707,35.707,7.67
443,5,50,53.68,314.83,-0.63977,-36.656,36.656,53.344,8.344,7.669
1262,5,50,53.68,314.82,-1.02401,-58.671,58.671,31.329,13.671,7.669
1213,5,50,53.68,314.83,-1.28474,-73.611,73.611,16.389,28.611,7.669
1360,5,50,53.68,314.45,1.42635,81.724,81.724,8.276,36.724,7.669
1210,5,50,53.68,314.86,-0.593,-33.977,33.977,56.023,11.023,7.668
490,5,50,53.67,314.54,1.7976,102.995,102.995,12.995,32.005,7.668
1380,5,50,53.68,314.55,-3.03094,-173.66,173.66,83.66,38.66,7.668
1165,5,50,53.67,314.84,-2.05097,-117.512,117.512,27.512,17.488,7.667
1295,5,50,53.67,314.84,-2.05097,-117.512,117.512,27.512,17.488,7.667
1328,5,50,53.67,314.52,2.76109,158.199,158.199,68.199,23.199,7.667
442,5,50,53.67,314.91,-0.36717,-21.038,21.038,68.962,23.962,7.667
1335,5,50,53.66,314.66,0.88507,50.711,50.711,39.289,5.711,7.666
1343,5,50,53.66,314.94,-0.60323,-34.563,34.563,55.437,10.437,7.666
1105,5,50,53.66,314.95,-0.304,-17.418,17.418,72.582,27.582,7.666
516,5,50,53.65,314.62,2.43498,139.514,139.514,49.514,4.514,7.665
1416,5,50,53.65,314.74,0.93103,53.344,53.344,36.656,8.344,7.665
1083,5,50,53.66,314.93,-0.35031,-20.072,20.072,69.928,24.928,7.665
1312,5,50,53.65,314.93,-0.0555,-3.18,3.18,86.82,41.82,7.665
512,5,50,53.65,314.87,-2.8023,-160.56,160.56,70.56,25.56,7.664
1333,5,50,53.64,314.71,1.38769,79.509,79.509,10.491,34.509,7.664
1190,5,50,53.65,314.96,-1.739,-99.638,99.638,9.638,35.362,7.664
1275,5,50,53.64,314.7,2.12118,121.535,121.535,31.535,13.465,7.663
1379,5,50,53.64,314.86,-2.78497,-159.567,159.567,69.567,24.567,7.663
1168,5,50,53.64,314.81,-2.8023,-160.56,160.56,70.56,25.56,7.663
1267,5,50,53.63,315.07,-2.10157,-120.411,120.411,30.411,14.589,7.662
1194,5,50,53.64,314.84,-2.77845,-159.193,159.193,69.193,24.193,7.662
1374,5,50,53.63,315.15,-1.4982,-85.84,85.84,4.16,40.84,7.661
507,5,50,53.63,315.16,-1.62629,-93.18,93.18,3.18,41.82,7.661
1125,5,50,53.62,314.95,1.00407,57.529,57.529,32.471,12.529,7.66
1349,5,50,53.62,315.2,-1.91635,-109.799,109.799,19.799,25.201,7.66
1408,5,50,53.62,314.87,3.02887,173.541,173.541,83.541,38.541,7.66
1305,5,50,53.62,314.87,1.64613,94.316,94.316,4.316,40.684,7.66
1234,5,50,53.61,315.25,-0.5779,-33.111,33.111,56.889,11.889,7.659
1385,5,50,53.61,314.88,1.80189,103.241,103.241,13.241,31.759,7.659
1411,5,50,53.61,314.9,2.19959,126.027,126.027,36.027,8.973,7.658
1242,5,50,53.61,315.06,-2.51696,-144.211,144.211,54.211,9.211,7.658
1237,5,50,53.61,315.34,-1.24905,-71.565,71.565,18.435,26.565,7.658
680,5,50,53.61,315.02,-3.01268,-172.614,172.614,82.614,37.614,7.658
957,5,50,53.6,315.14,0.65457,37.504,37.504,52.496,7.496,7.657
1406,5,50,53.6,315.16,-2.72709,-156.251,156.251,66.251,21.251,7.657
1334,5,50,53.59,315.09,1.16354,66.666,66.666,23.334,21.666,7.656
1412,5,50,53.59,315,1.9407,111.194,111.194,21.194,23.806,7.656
1189,5,50,53.59,315.37,-1.5153,-86.82,86.82,3.18,41.82,7.656
1214,5,50,53.59,315.37,-1.5153,-86.82,86.82,3.18,41.82,7.656
509,5,50,53.58,315.37,-2.08525,-119.476,119.476,29.476,15.524,7.654
1176,5,50,53.58,315.14,1.17317,67.218,67.218,22.782,22.218,7.654
1248,5,50,53.57,315.09,2.13148,122.125,122.125,32.125,12.875,7.653
1148,5,50,53.57,315.1,2.01764,115.602,115.602,25.602,19.398,7.653
1174,5,50,53.57,315.14,1.72639,98.915,98.915,8.915,36.085,7.653
1277,5,50,53.56,315.16,1.60714,92.083,92.083,2.083,42.917,7.652
1296,5,50,53.56,315.49,-2.31824,-132.825,132.825,42.825,2.175,7.651
1193,5,50,53.56,315.38,-2.52782,-144.834,144.834,54.834,9.834,7.651
1306,5,50,53.56,315.23,1.35598,77.692,77.692,12.308,32.692,7.651
1123,5,50,53.56,315.27,1.5316,87.754,87.754,2.246,42.754,7.651
1297,5,50,53.55,315.49,-2.56369,-146.889,146.889,56.889,11.889,7.65
1356,5,50,53.54,315.27,2.54317,145.713,145.713,55.713,10.713,7.649
1350,5,50,53.54,315.5,-2.1274,-121.891,121.891,31.891,13.109,7.649
1376,5,50,53.55,315.57,-1.94452,-111.413,111.413,21.413,23.587,7.649
1358,5,50,53.53,315.37,2.01764,115.602,115.602,25.602,19.398,7.648
1293,5,50,53.53,315.7,-1.58898,-91.042,91.042,1.042,43.958,7.648
510,5,50,53.53,315.62,-2.28963,-131.186,131.186,41.186,3.814,7.647
1351,5,50,53.53,315.55,-2.43498,-139.514,139.514,49.514,4.514,7.647
1140,5,50,53.53,315.64,-2.10157,-120.411,120.411,30.411,14.589,7.647
1017,5,50,53.53,315.73,-1.65985,-95.102,95.102,5.102,39.898,7.647
1246,5,50,53.52,315.44,2.69475,154.398,154.398,64.398,19.398,7.646
689,5,50,53.52,315.68,0.304,17.418,17.418,72.582,27.582,7.646
1166,5,50,53.51,315.77,-2.33056,-133.531,133.531,43.531,1.469,7.645
1301,5,50,53.52,315.46,2.70273,154.855,154.855,64.855,19.855,7.645
1253,5,50,53.51,315.7,0.77207,44.236,44.236,45.764,0.764,7.644
550,5,50,53.51,315.65,0.85197,48.814,48.814,41.186,3.814,7.644
1249,5,50,53.51,315.49,1.8466,105.803,105.803,15.803,29.197,7.644
1143,5,50,53.51,315.58,-2.88334,-165.203,165.203,75.203,30.203,7.644
1195,5,50,53.51,315.54,-3.04753,-174.611,174.611,84.611,39.611,7.644
1085,5,50,53.5,315.89,-0.81103,-46.469,46.469,43.531,1.469,7.643
1268,5,50,53.5,315.87,-2.33056,-133.531,133.531,43.531,1.469,7.642
1219,5,50,53.49,315.74,-2.79604,-160.201,160.201,70.201,25.201,7.642
1145,5,50,53.49,315.61,2.87368,164.65,164.65,74.65,29.65,7.642
1122,5,50,53.49,315.6,1.80189,103.241,103.241,13.241,31.759,7.642
1300,5,50,53.49,315.65,2.93695,168.275,168.275,78.275,33.275,7.642
1076,5,50,53.49,315.61,1.72639,98.915,98.915,8.915,36.085,7.642
1139,5,50,53.49,315.98,-1.8693,-107.103,107.103,17.103,27.897,7.641
1375,5,50,53.49,315.98,-1.75728,-100.685,100.685,10.685,34.315,7.641
1171,5,50,53.48,315.63,2.62016,150.124,150.124,60.124,15.124,7.64
1215,5,50,53.48,315.97,-1.71787,-98.427,98.427,8.427,36.573,7.64
1050,5,50,53.48,316.02,-1.69739,-97.253,97.253,7.253,37.747,7.64
1218,5,50,53.47,315.95,-2.5128,-143.973,143.973,53.973,8.973,7.639
1389,5,50,53.47,315.92,0.7854,45,45,45,0,7.638
1280,5,50,53.46,316,0.79873,45.764,45.764,44.236,0.764,7.638
1316,5,50,53.47,316.08,-0.70449,-40.365,40.365,49.635,4.635,7.638
493,5,50,53.46,315.86,0.99834,57.201,57.201,32.799,12.201,7.638
1355,5,50,53.46,315.77,2.77845,159.193,159.193,69.193,24.193,7.638
1225,5,50,53.47,315.73,1.68145,96.34,96.34,6.34,38.66,7.638
485,5,50,53.47,315.85,-3.03094,-173.66,173.66,83.66,38.66,7.638
1357,5,50,53.46,315.75,2.22537,127.504,127.504,37.504,7.496,7.637
1068,5,50,53.46,316.09,-1.77926,-101.944,101.944,11.944,33.056,7.637
1089,5,50,53.46,316.09,-1.77926,-101.944,101.944,11.944,33.056,7.637
1090,5,50,53.45,316.09,-2.05965,-118.009,118.009,28.009,16.991,7.636
1173,5,50,53.45,315.84,2.01764,115.602,115.602,25.602,19.398,7.635
1196,5,50,53.45,315.87,2.93695,168.275,168.275,78.275,33.275,7.635
1235,5,50,53.44,316.28,-0.7854,-45,45,45,0,7.634
1091,5,50,53.44,316.15,-2.33056,-133.531,133.531,43.531,1.469,7.634
489,5,50,53.44,315.9,2.06722,118.443,118.443,28.443,16.557,7.634
563,5,50,53.44,316.31,-1.66146,-95.195,95.195,5.195,39.805,7.634
1133,5,50,53.43,316.32,-0.62464,-35.789,35.789,54.211,9.211,7.633
1167,5,50,53.43,316.15,-2.60431,-149.216,149.216,59.216,14.216,7.633
1087,5,50,53.43,316.3,-1.28474,-73.611,73.611,16.389,28.611,7.633
1141,5,50,53.43,316.28,-2.40743,-137.936,137.936,47.936,2.936,7.632
1126,5,50,53.43,316.23,0.69233,39.668,39.668,50.332,5.332,7.632
911,5,50,53.43,316.34,-1.31254,-75.203,75.203,14.797,30.203,7.632
959,5,50,53.42,316.31,-0.0726,-4.16,4.16,85.84,40.84,7.632
1107,5,50,53.42,316.39,-0.77241,-44.256,44.256,45.744,0.744,7.631
1308,5,50,53.41,316.23,0.79838,45.744,45.744,44.256,0.744,7.63
1152,5,50,53.41,316.15,0.90483,51.843,51.843,38.157,6.843,7.63
1080,5,50,53.41,316.26,0.43114,24.702,24.702,65.298,20.298,7.63
1414,5,50,53.41,316.19,1.43699,82.333,82.333,7.667,37.333,7.63
895,5,50,53.41,316.44,-1.67946,-96.226,96.226,6.226,38.774,7.63
1245,5,50,53.4,316.17,2.9516,169.115,169.115,79.115,34.115,7.629
681,5,50,53.4,316.15,3.00778,172.333,172.333,82.333,37.333,7.628
1327,5,50,53.4,316.15,3.02887,173.541,173.541,83.541,38.541,7.628
1146,5,50,53.39,316.18,2.61082,149.589,149.589,59.589,14.589,7.627
1119,5,50,53.39,316.22,2.69475,154.398,154.398,64.398,19.398,7.627
1240,5,50,53.39,316.49,-1.96559,-112.62,112.62,22.62,22.38,7.627
1243,5,50,53.39,316.35,-2.76109,-158.199,158.199,68.199,23.199,7.627
1011,5,50,53.39,316.43,0,0,0,90,45,7.627
522,5,50,53.37,316.39,0.90175,51.667,51.667,38.333,6.667,7.625
707,5,50,53.38,316.56,0.01818,1.042,1.042,88.958,43.958,7.625
1115,5,50,53.37,316.56,-2.53836,-145.438,145.438,55.438,10.438,7.624
1098,5,50,53.37,316.29,1.79346,102.758,102.758,12.758,32.242,7.624
1088,5,50,53.37,316.73,-1.50074,-85.986,85.986,4.014,40.986,7.624
1121,5,50,53.36,316.3,2.05965,118.009,118.009,28.009,16.991,7.623
1046,5,50,53.36,316.73,-0.40489,-23.199,23.199,66.801,21.801,7.623
1269,5,50,53.36,316.59,-2.60431,-149.216,149.216,59.216,14.216,7.622
1199,5,50,53.36,316.37,2.04292,117.051,117.051,27.051,17.949,7.622
1403,5,50,53.35,316.66,-1.93394,-110.807,110.807,20.807,24.193,7.622
1014,5,50,53.35,316.78,-1.02401,-58.671,58.671,31.329,13.671,7.621
1015,5,50,53.35,316.78,-1.02401,-58.671,58.671,31.329,13.671,7.621
1415,5,50,53.35,316.5,1.13095,64.799,64.799,25.201,19.799,7.621
1151,5,50,53.35,316.5,1.20089,68.806,68.806,21.194,23.806,7.621
447,5,50,53.35,316.75,-1.77926,-101.944,101.944,11.944,33.056,7.621
535,5,50,53.35,316.74,-1.66313,-95.29,95.29,5.29,39.71,7.621
1175,5,50,53.34,316.53,1.45807,83.541,83.541,6.459,38.541,7.62
511,5,50,53.33,316.78,-2.56913,-147.201,147.201,57.201,12.201,7.619
943,5,50,53.33,316.9,-0.47952,-27.474,27.474,62.526,17.526,7.619
1032,5,50,53.33,316.92,-1.49949,-85.914,85.914,4.086,40.914,7.618
1094,5,50,53.33,316.58,3.10525,177.918,177.918,87.918,42.918,7.618
1073,5,50,53.32,316.62,2.78282,159.444,159.444,69.444,24.444,7.617
1045,5,50,53.32,316.98,-0.09586,-5.492,5.492,84.508,39.508,7.617
1079,5,50,53.31,316.85,0.72055,41.285,41.285,48.715,3.715,7.616
1095,5,50,53.31,316.69,2.77169,158.806,158.806,68.806,23.806,7.616
840,5,50,53.31,316.94,-0.1974,-11.31,11.31,78.69,33.69,7.616
1049,5,50,53.31,317.07,-1.39094,-79.695,79.695,10.305,34.695,7.616
981,5,50,53.31,317.03,-1.60714,-92.083,92.083,2.083,42.917,7.616
1192,5,50,53.31,316.93,-2.22187,-127.304,127.304,37.304,7.696,7.615
1329,5,50,53.3,316.68,2.50182,143.344,143.344,53.344,8.344,7.615
1177,5,50,53.31,316.82,0.95703,54.834,54.834,35.166,9.834,7.615
774,5,50,53.3,317.05,-0.36717,-21.038,21.038,68.962,23.962,7.614
1093,5,50,53.3,316.79,-2.89661,-165.964,165.964,75.964,30.964,7.614
963,5,50,53.3,317.14,-1.38769,-79.509,79.509,10.491,34.509,7.614
444,5,50,53.29,317.12,-0.95265,-54.583,54.583,35.417,9.583,7.613
1102,5,50,53.29,316.94,0.52807,30.256,30.256,59.744,14.744,7.613
1222,5,50,53.29,316.78,2.61082,149.589,149.589,59.589,14.589,7.612
773,5,50,53.29,317.11,0.01887,1.081,1.081,88.919,43.919,7.612
1103,5,50,53.28,317.16,0.24498,14.036,14.036,75.964,30.964,7.611
1016,5,50,53.28,317.21,-1.32582,-75.964,75.964,14.036,30.964,7.611
1274,5,50,53.27,316.83,2.44926,140.332,140.332,50.332,5.332,7.61
910,5,50,53.27,317.25,-0.99834,-57.201,57.201,32.799,12.201,7.61
1224,5,50,53.27,316.88,1.9928,114.179,114.179,24.179,20.821,7.61
999,5,50,53.27,317.21,-1.77926,-101.944,101.944,11.944,33.056,7.61
1302,5,50,53.27,316.87,2.44926,140.332,140.332,50.332,5.332,7.609
1378,5,50,53.26,317.19,-2.52782,-144.834,144.834,54.834,9.834,7.609
822,5,50,53.26,317.21,0.2985,17.103,17.103,72.897,27.897,7.609
1405,5,50,53.26,317.17,-2.5128,-143.973,143.973,53.973,8.973,7.608
1384,5,50,53.26,316.93,2.08525,119.476,119.476,29.476,15.524,7.608
462,5,50,53.25,317.45,-0.89883,-51.499,51.499,38.501,6.499,7.607
1404,5,50,53.25,317.2,-2.20663,-126.431,126.431,36.431,8.569,7.607
684,5,50,53.25,317.02,2.02625,116.096,116.096,26.096,18.904,7.607
1201,5,50,53.25,317.07,1.43699,82.333,82.333,7.667,37.333,7.607
1013,5,50,53.24,317.46,-0.65789,-37.694,37.694,52.306,7.306,7.605
460,5,50,53.24,317.4,-0.22266,-12.758,12.758,77.242,32.242,7.605
1159,5,50,53.22,317.56,-0.66597,-38.157,38.157,51.843,6.843,7.603
739,5,50,53.22,317.57,0.42976,24.624,24.624,65.376,20.376,7.603
1191,5,50,53.22,317.47,-1.93394,-110.807,110.807,20.807,24.193,7.602
893,5,50,53.21,317.64,-0.99289,-56.889,56.889,33.111,11.889,7.601
459,5,50,53.21,317.51,0.17985,10.305,10.305,79.695,34.695,7.601
1153,5,50,53.2,317.51,0.588,33.69,33.69,56.31,11.31,7.6
876,5,50,53.2,317.69,-0.98279,-56.31,56.31,33.69,11.31,7.6
962,5,50,53.2,317.68,-1.02401,-58.671,58.671,31.329,13.671,7.6
1354,5,50,53.2,317.4,3.03094,173.66,173.66,83.66,38.66,7.6
1067,5,50,53.2,317.7,-1.48014,-84.806,84.806,5.194,39.806,7.6
912,5,50,53.19,317.73,-1.64474,-94.236,94.236,4.236,40.764,7.599
874,5,50,53.19,317.75,-0.23625,-13.536,13.536,76.464,31.464,7.598
539,5,50,53.18,317.69,-2.6292,-150.642,150.642,60.642,15.642,7.597
960,5,50,53.17,317.85,-0.37373,-21.413,21.413,68.587,23.587,7.596
446,5,50,53.17,317.92,-1.49686,-85.764,85.764,4.236,40.764,7.596
488,5,50,53.16,317.49,2.4102,138.094,138.094,48.094,3.094,7.595
1323,5,50,53.15,317.78,-2.23677,-128.157,128.157,38.157,6.843,7.594
909,5,50,53.16,317.94,-0.6078,-34.825,34.825,55.175,10.175,7.594
481,5,50,53.16,317.87,-1.739,-99.638,99.638,9.638,35.362,7.594
709,5,50,53.15,317.96,-0.69474,-39.806,39.806,50.194,5.194,7.593
1377,5,50,53.15,317.79,-2.22187,-127.304,127.304,37.304,7.696,7.593
1382,5,50,53.15,317.64,2.66947,152.95,152.95,62.95,17.95,7.593
708,5,50,53.15,317.96,-0.34422,-19.722,19.722,70.278,25.278,7.593
685,5,50,53.15,317.68,1.69023,96.843,96.843,6.843,38.157,7.593
1303,5,50,53.15,317.59,2.11122,120.964,120.964,30.964,14.036,7.592
445,5,50,53.14,318.08,-1.2315,-70.56,70.56,19.44,25.56,7.592
1031,5,50,53.14,318.05,-1.23755,-70.907,70.907,19.093,25.907,7.591
993,5,50,53.14,317.92,0.16515,9.462,9.462,80.538,35.538,7.591
823,5,50,53.14,318,-0.07394,-4.236,4.236,85.764,40.764,7.591
1216,5,50,53.13,318.06,-1.96842,-112.783,112.783,22.783,22.217,7.59
486,5,50,53.13,317.77,2.9516,169.115,169.115,79.115,34.115,7.59
964,5,50,53.13,318.1,-1.73595,-99.462,99.462,9.462,35.538,7.59
1147,5,50,53.11,317.78,2.28963,131.186,131.186,41.186,3.814,7.588
947,5,50,53.12,318.06,-1.80634,-103.496,103.496,13.496,31.504,7.588
1114,5,50,53.11,318.11,-2.23677,-128.157,128.157,38.157,6.843,7.587
1043,5,50,53.11,318.09,0.57246,32.8,32.8,57.2,12.2,7.587
484,5,50,53.11,317.99,-2.68614,-153.905,153.905,63.905,18.905,7.587
1172,5,50,53.09,317.9,2.28781,131.082,131.082,41.082,3.918,7.585
945,5,50,53.1,318.3,-1.14879,-65.821,65.821,24.179,20.821,7.585
476,5,50,53.1,318.23,0.01887,1.081,1.081,88.919,43.919,7.585
825,5,50,53.09,318.36,-0.70661,-40.486,40.486,49.514,4.514,7.584
994,5,50,53.09,318.33,-0.13132,-7.524,7.524,82.476,37.476,7.584
824,5,50,53.08,318.41,-0.36717,-21.038,21.038,68.962,23.962,7.583
1228,5,50,53.08,318.3,0.85197,48.814,48.814,41.186,3.814,7.582
1410,5,50,53.08,318.04,2.49052,142.696,142.696,52.696,7.696,7.582
1065,5,50,53.07,318.46,-0.86217,-49.399,49.399,40.601,4.399,7.581
1241,5,50,53.07,318.35,-2.18457,-125.167,125.167,35.167,9.833,7.581
1221,5,50,53.07,318.12,2.91479,167.006,167.006,77.006,32.006,7.581
890,5,50,53.07,318.35,0.09066,5.194,5.194,84.806,39.806,7.581
907,5,50,53.07,318.35,0.09066,5.194,5.194,84.806,39.806,7.581
875,5,50,53.06,318.51,-0.61814,-35.417,35.417,54.583,9.583,7.58
1066,5,50,53.06,318.51,-1.12395,-64.398,64.398,25.602,19.398,7.58
839,5,50,53.06,318.35,0.17985,10.305,10.305,79.695,34.695,7.58
844,5,50,53.06,318.6,-1.5351,-87.955,87.955,2.045,42.955,7.58
979,5,50,53.05,318.57,-0.96757,-55.438,55.438,34.562,10.438,7.579
1101,5,50,53.04,318.45,0.81171,46.507,46.507,43.493,1.507,7.578
477,5,50,53.04,318.55,-0.33929,-19.44,19.44,70.56,25.56,7.578
1028,5,50,53.05,318.6,-0.22266,-12.758,12.758,77.242,32.242,7.578
976,5,50,53.04,318.52,0.07394,4.236,4.236,85.764,40.764,7.577
743,5,50,53.03,318.7,-0.97779,-56.024,56.024,33.976,11.024,7.576
461,5,50,53.03,318.76,-0.50529,-28.951,28.951,61.049,16.049,7.576
1099,5,50,53.03,318.39,1.45592,83.418,83.418,6.582,38.418,7.576
861,5,50,53.03,318.68,-1.58931,-91.061,91.061,1.061,43.939,7.576
1078,5,50,53.03,318.51,1.08194,61.991,61.991,28.009,16.991,7.575
860,5,50,53.02,318.74,-1.25483,-71.896,71.896,18.104,26.896,7.575
706,5,50,53.02,318.62,0.35031,20.072,20.072,69.928,24.928,7.574
1217,5,50,53.01,318.64,-2.18457,-125.167,125.167,35.167,9.833,7.573
856,5,50,53.01,318.59,0.10674,6.116,6.116,83.884,38.884,7.573
977,5,50,53,318.8,-0.32175,-18.435,18.435,71.565,26.565,7.572
810,5,50,53.01,318.89,-1.34814,-77.243,77.243,12.757,32.243,7.572
1097,5,50,53,318.47,2.11122,120.964,120.964,30.964,14.036,7.571
1197,5,50,53,318.56,2.67795,153.435,153.435,63.435,18.435,7.571
724,5,50,53,318.85,-0.12891,-7.386,7.386,82.614,37.614,7.571
1247,5,50,52.99,318.5,2.44926,140.332,140.332,50.332,5.332,7.57
995,5,50,52.99,318.94,-0.44684,-25.602,25.602,64.398,19.398,7.57
894,5,50,52.99,318.93,-1.32582,-75.964,75.964,14.036,30.964,7.57
925,5,50,52.99,318.9,-0.1974,-11.31,11.31,78.69,33.69,7.57
1062,5,50,52.99,318.88,0.16515,9.462,9.462,80.538,35.538,7.57
772,5,50,52.98,318.86,0.33929,19.44,19.44,70.56,25.56,7.569
980,5,50,52.98,318.98,-1.24905,-71.565,71.565,18.435,26.565,7.569
463,5,50,52.97,319.03,-1.22524,-70.201,70.201,19.799,25.201,7.568
729,5,50,52.98,318.96,-1.91635,-109.799,109.799,19.799,25.201,7.568
775,5,50,52.97,319,-0.6435,-36.87,36.87,53.13,8.13,7.567
1064,5,50,52.97,319.06,-0.51239,-29.358,29.358,60.642,15.642,7.567
938,5,50,52.96,318.82,1.35598,77.692,77.692,12.308,32.692,7.566
924,5,50,52.96,319.06,0.14444,8.276,8.276,81.724,36.724,7.566
794,5,50,52.97,319.15,-1.4833,-84.987,84.987,5.013,39.987,7.566
809,5,50,52.95,319.16,-0.95703,-54.834,54.834,35.166,9.834,7.565
776,5,50,52.96,319.15,-1.02401,-58.671,58.671,31.329,13.671,7.565
1226,5,50,52.96,318.84,1.38431,79.315,79.315,10.685,34.315,7.565
752,5,50,52.96,318.8,1.74547,100.008,100.008,10.008,34.992,7.565
544,5,50,52.95,318.79,2.44685,140.195,140.195,50.195,5.195,7.564
693,5,50,52.95,319.18,-1.00269,-57.45,57.45,32.55,12.45,7.564
978,5,50,52.93,319.21,-0.6078,-34.825,34.825,55.175,10.175,7.562
1048,5,50,52.93,319.34,-1.08296,-62.049,62.049,27.951,17.049,7.562
877,5,50,52.94,319.26,-1.30289,-74.65,74.65,15.35,29.65,7.562
1063,5,50,52.93,319.23,-0.22266,-12.758,12.758,77.242,32.242,7.562
682,5,50,52.93,318.97,2.70273,154.855,154.855,64.855,19.855,7.561
480,5,50,52.93,319.32,-1.38769,-79.509,79.509,10.491,34.509,7.561
777,5,50,52.93,319.32,-1.38769,-79.509,79.509,10.491,34.509,7.561
1383,5,50,52.92,318.96,2.44926,140.332,140.332,50.332,5.332,7.56
1092,5,50,52.92,319.24,-2.6363,-151.049,151.049,61.049,16.049,7.56
891,5,50,52.92,319.31,-0.32175,-18.435,18.435,71.565,26.565,7.56
941,5,50,52.92,319.3,0.16821,9.638,9.638,80.362,35.362,7.56
711,5,50,52.91,319.4,-1.38431,-79.315,79.315,10.685,34.315,7.559
778,5,50,52.91,319.4,-1.739,-99.638,99.638,9.638,35.362,7.559
808,5,50,52.91,319.43,-0.54348,-31.139,31.139,58.861,13.861,7.558
908,5,50,52.91,319.38,-0.35031,-20.072,20.072,69.928,24.928,7.558
471,5,50,52.91,319.05,1.89255,108.435,108.435,18.435,26.565,7.558
1044,5,50,52.9,319.43,0.24498,14.036,14.036,75.964,30.964,7.557
741,5,50,52.9,319.42,-0.23625,-13.536,13.536,76.464,31.464,7.557
946,5,50,52.9,319.47,-1.46214,-83.774,83.774,6.226,38.774,7.557
1029,5,50,52.89,319.53,-0.51239,-29.358,29.358,60.642,15.642,7.556
694,5,50,52.89,319.54,-1.32121,-75.7,75.7,14.3,30.7,7.556
872,5,50,52.88,319.51,0.41451,23.75,23.75,66.25,21.25,7.554
997,5,50,52.87,319.63,-1.11535,-63.905,63.905,26.095,18.905,7.553
1012,5,50,52.87,319.61,-0.37373,-21.413,21.413,68.587,23.587,7.553
475,5,50,52.87,319.51,0.36717,21.038,21.038,68.962,23.962,7.553
1075,5,50,52.87,319.31,2.07789,119.055,119.055,29.055,15.945,7.552
725,5,50,52.86,319.69,-0.46365,-26.565,26.565,63.435,18.435,7.552
1061,5,50,52.86,319.55,0.43886,25.145,25.145,64.855,19.855,7.552
1120,5,50,52.86,319.36,2.43498,139.514,139.514,49.514,4.514,7.551
1223,5,50,52.86,319.36,2.2606,129.523,129.523,39.523,5.477,7.551
956,5,50,52.86,319.53,1.02401,58.671,58.671,31.329,13.671,7.551
723,5,50,52.85,319.79,0.25367,14.534,14.534,75.466,30.466,7.55
742,5,50,52.84,319.82,-0.61377,-35.166,35.166,54.834,9.834,7.549
791,5,50,52.84,319.84,-0.45545,-26.095,26.095,63.905,18.905,7.549
686,5,50,52.84,319.58,1.36984,78.486,78.486,11.514,33.486,7.549
827,5,50,52.85,319.8,-1.43948,-82.476,82.476,7.524,37.476,7.549
788,5,50,52.84,319.7,0.5779,33.111,33.111,56.889,11.889,7.548
452,5,50,52.84,319.51,2.76468,158.405,158.405,68.405,23.405,7.548
456,5,50,52.83,319.56,1.25483,71.896,71.896,18.104,26.896,7.547
878,5,50,52.83,319.98,-1.69739,-97.253,97.253,7.253,37.747,7.547
454,5,50,52.83,319.59,1.99906,114.538,114.538,24.538,20.462,7.546
889,5,50,52.82,319.84,0.34556,19.799,19.799,70.201,25.201,7.546
760,5,50,52.81,320,-1.2315,-70.56,70.56,19.44,25.56,7.545
928,5,50,52.81,320,-1.2315,-70.56,70.56,19.44,25.56,7.545
789,5,50,52.82,319.98,0.23109,13.241,13.241,76.759,31.759,7.545
836,5,50,52.82,319.67,1.344,77.005,77.005,12.995,32.005,7.545
740,5,50,52.82,319.92,0.09233,5.29,5.29,84.71,39.71,7.545
841,5,50,52.81,320.05,-0.52807,-30.256,30.256,59.744,14.744,7.544
1027,5,50,52.81,319.93,0.43886,25.145,25.145,64.855,19.855,7.544
1030,5,50,52.8,320.1,-0.93805,-53.746,53.746,36.254,8.746,7.543
758,5,50,52.8,320.04,-0.49642,-28.443,28.443,61.557,16.557,7.543
1018,5,50,52.8,320.03,-1.95832,-112.204,112.204,22.204,22.796,7.543
756,5,50,52.79,320.06,0.20847,11.944,11.944,78.056,33.056,7.542
942,5,50,52.8,320.06,-0.13132,-7.524,7.524,82.476,37.476,7.542
892,5,50,52.79,320.1,-0.61814,-35.417,35.417,54.583,9.583,7.541
958,5,50,52.79,320,0.30499,17.475,17.475,72.525,27.525,7.541
744,5,50,52.79,320.21,-1.35213,-77.471,77.471,12.529,32.471,7.541
790,5,50,52.79,320.15,-0.17138,-9.819,9.819,80.181,35.181,7.541
451,5,50,52.78,319.96,3.0871,176.878,176.878,86.878,41.878,7.541
929,5,50,52.79,320.3,-1.58931,-91.061,91.061,1.061,43.939,7.541
683,5,50,52.78,319.83,2.40878,138.013,138.013,48.013,3.013,7.54
937,5,50,52.78,319.85,1.72639,98.915,98.915,8.915,36.085,7.54
785,5,50,52.77,319.92,1.79346,102.758,102.758,12.758,32.242,7.539
811,5,50,52.77,320.26,-1.69739,-97.253,97.253,7.253,37.747,7.539
1074,5,50,52.77,319.91,2.46388,141.17,141.17,51.17,6.17,7.538
450,5,50,52.76,320.14,-2.81385,-161.222,161.222,71.222,26.222,7.538
828,5,50,52.77,320.22,-1.78735,-102.408,102.408,12.408,32.592,7.538
483,5,50,52.76,320.29,-2.42276,-138.814,138.814,48.814,3.814,7.537
961,5,50,52.76,320.29,-0.70661,-40.486,40.486,49.514,4.514,7.537
857,5,50,52.76,320.28,-0.22266,-12.758,12.758,77.242,32.242,7.537
695,5,50,52.76,320.32,-1.69971,-97.386,97.386,7.386,37.614,7.537
798,5,50,52.76,320.04,-3.02672,-173.418,173.418,83.418,38.418,7.537
1096,5,50,52.74,320.04,2.47886,142.029,142.029,52.029,7.029,7.535
702,5,50,52.74,320.08,1.82038,104.3,104.3,14.3,30.7,7.535
917,5,50,52.73,320.18,2.82562,161.896,161.896,71.896,26.896,7.534
923,5,50,52.73,320.41,0.50363,28.856,28.856,61.144,16.144,7.533
879,5,50,52.73,320.41,-1.99099,-114.076,114.076,24.076,20.924,7.533
807,5,50,52.73,320.54,-0.22266,-12.758,12.758,77.242,32.242,7.532
464,5,50,52.72,320.61,-1.66313,-95.29,95.29,5.29,39.71,7.532
920,5,50,52.72,320.24,1.64757,94.399,94.399,4.399,40.601,7.532
1047,5,50,52.71,320.61,-0.7854,-45,45,45,0,7.531
871,5,50,52.72,320.32,0.7854,45,45,45,0,7.531
1069,5,50,52.71,320.61,-2.10157,-120.411,120.411,30.411,14.589,7.531
691,5,50,52.71,320.55,-0.33929,-19.44,19.44,70.56,25.56,7.531
916,5,50,52.71,320.34,-3.06482,-175.601,175.601,85.601,40.601,7.531
1198,5,50,52.71,320.23,2.31512,132.647,132.647,42.647,2.353,7.53
1034,5,50,52.71,320.52,-2.15354,-123.389,123.389,33.389,11.611,7.53
1022,5,50,52.71,320.31,2.8023,160.56,160.56,70.56,25.56,7.53
1002,5,50,52.71,320.45,-2.85554,-163.611,163.611,73.611,28.611,7.53
692,5,50,52.7,320.61,-0.6288,-36.027,36.027,53.973,8.973,7.529
1010,5,50,52.7,320.5,0.31597,18.104,18.104,71.896,26.896,7.529
989,5,50,52.7,320.35,1.68352,96.459,96.459,6.459,38.541,7.529
1033,5,50,52.69,320.74,-1.88677,-108.104,108.104,18.104,26.896,7.528
927,5,50,52.69,320.75,-0.9273,-53.13,53.13,36.87,8.13,7.527
858,5,50,52.69,320.74,-0.52807,-30.256,30.256,59.744,14.744,7.527
853,5,50,52.69,320.48,1.25483,71.896,71.896,18.104,26.896,7.527
859,5,50,52.68,320.79,-0.91291,-52.306,52.306,37.694,7.306,7.526
805,5,50,52.68,320.68,0.45545,26.095,26.095,63.905,18.905,7.526
944,5,50,52.68,320.78,-0.83798,-48.013,48.013,41.987,3.013,7.525
851,5,50,52.67,320.47,2.05965,118.009,118.009,28.009,16.991,7.525
975,5,50,52.68,320.73,0.36315,20.807,20.807,69.193,24.193,7.525
921,5,50,52.67,320.55,1.2315,70.56,70.56,19.44,25.56,7.525
448,5,50,52.66,320.85,-2.11122,-120.964,120.964,30.964,14.036,7.524
988,5,50,52.67,320.5,2.06862,118.523,118.523,28.523,16.477,7.524
906,5,50,52.67,320.76,0.36315,20.807,20.807,69.193,24.193,7.524
732,5,50,52.67,320.55,-3.04753,-174.611,174.611,84.611,39.611,7.524
948,5,50,52.66,320.81,-2.15354,-123.389,123.389,33.389,11.611,7.523
930,5,50,52.66,320.91,-1.91635,-109.799,109.799,19.799,25.201,7.523
843,5,50,52.66,320.92,-1.2315,-70.56,70.56,19.44,25.56,7.523
1040,5,50,52.66,320.58,1.74547,100.008,100.008,10.008,34.992,7.523
745,5,50,52.66,320.94,-1.69739,-97.253,97.253,7.253,37.747,7.523
449,5,50,52.64,320.88,-2.46388,-141.17,141.17,51.17,6.17,7.52
996,5,50,52.63,321.05,-0.85024,-48.715,48.715,41.285,3.715,7.519
850,5,50,52.63,320.73,2.46388,141.17,141.17,51.17,6.17,7.519
793,5,50,52.64,321.08,-1.13966,-65.298,65.298,24.702,20.298,7.519
950,5,50,52.63,320.85,-2.89201,-165.7,165.7,75.7,30.7,7.519
1025,5,50,52.63,320.87,1.66666,95.492,95.492,5.492,39.508,7.518
690,5,50,52.63,321.02,-0.01786,-1.023,1.023,88.977,43.977,7.518
952,5,50,52.62,320.83,2.58499,148.109,148.109,58.109,13.109,7.517
458,5,50,52.61,321.12,0.46365,26.565,26.565,63.435,18.435,7.516
842,5,50,52.61,321.26,-0.89883,-51.499,51.499,38.501,6.499,7.515
801,5,50,52.6,320.89,2.05097,117.512,117.512,27.512,17.488,7.515
926,5,50,52.6,321.27,-0.51915,-29.745,29.745,60.255,15.255,7.514
1100,5,50,52.6,321.02,1.14103,65.376,65.376,24.624,20.376,7.514
965,5,50,52.59,321.44,-2.06722,-118.443,118.443,28.443,16.557,7.513
755,5,50,52.58,321.24,0.588,33.69,33.69,56.31,11.31,7.512
687,5,50,52.59,321.18,1.03351,59.216,59.216,30.784,14.216,7.512
898,5,50,52.58,321.29,-2.7367,-156.802,156.802,66.802,21.802,7.512
1072,5,50,52.59,321.13,3.14159,180,180,90,45,7.512
727,5,50,52.57,321.52,-1.20765,-69.193,69.193,20.807,24.193,7.511
712,5,50,52.58,321.39,-1.739,-99.638,99.638,9.638,35.362,7.511
482,5,50,52.57,321.49,-2.05097,-117.512,117.512,27.512,17.488,7.51
865,5,50,52.57,321.16,-3.04753,-174.611,174.611,84.611,39.611,7.51
769,5,50,52.57,321.17,1.51317,86.698,86.698,3.302,41.698,7.51
1056,5,50,52.56,321.15,2.44926,140.332,140.332,50.332,5.332,7.509
918,5,50,52.56,321.16,2.49052,142.696,142.696,52.696,7.696,7.509
765,5,50,52.56,321.23,3.14159,180,180,90,45,7.509
710,5,50,52.55,321.65,-1.0364,-59.381,59.381,30.619,14.381,7.508
899,5,50,52.55,321.29,3.14159,180,180,90,45,7.508
478,5,50,52.55,321.56,-0.68052,-38.991,38.991,51.009,6.009,7.507
479,5,50,52.55,321.62,-1.0364,-59.381,59.381,30.619,14.381,7.507
990,5,50,52.55,321.37,1.33026,76.218,76.218,13.782,31.218,7.507
998,5,50,52.55,321.61,-1.41815,-81.254,81.254,8.746,36.254,7.507
826,5,50,52.54,321.67,-1.07437,-61.557,61.557,28.443,16.557,7.506
882,5,50,52.54,321.39,3.10387,177.839,177.839,87.839,42.839,7.506
717,5,50,52.53,321.36,2.52597,144.728,144.728,54.728,9.728,7.505
1055,5,50,52.53,321.37,2.80835,160.907,160.907,70.907,25.907,7.505
1026,5,50,52.54,321.42,1.24905,71.565,71.565,18.435,26.565,7.505
982,5,50,52.53,321.71,-1.86398,-106.798,106.798,16.798,28.202,7.505
766,5,50,52.53,321.39,2.76468,158.405,158.405,68.405,23.405,7.504
748,5,50,52.52,321.59,-2.86075,-163.909,163.909,73.909,28.909,7.503
940,5,50,52.51,321.71,0.54679,31.329,31.329,58.671,13.671,7.502
803,5,50,52.51,321.52,1.24905,71.565,71.565,18.435,26.565,7.502
698,5,50,52.51,321.67,-2.86075,-163.909,163.909,73.909,28.909,7.502
1009,5,50,52.5,321.72,0.65457,37.504,37.504,52.496,7.496,7.501
1000,5,50,52.51,321.82,-2.10157,-120.411,120.411,30.411,14.589,7.501
1006,5,50,52.51,321.48,1.8982,108.759,108.759,18.759,26.241,7.501
845,5,50,52.51,321.87,-1.89255,-108.435,108.435,18.435,26.565,7.501
985,5,50,52.5,321.58,-3.0025,-172.031,172.031,82.031,37.031,7.501
972,5,50,52.5,321.54,1.55193,88.919,88.919,1.081,43.919,7.501
838,5,50,52.5,321.78,0.5566,31.891,31.891,58.109,13.109,7.5
716,5,50,52.5,321.65,2.95848,169.509,169.509,79.509,34.509,7.5
738,5,50,52.49,321.86,0.75838,43.452,43.452,46.548,1.548,7.499
1051,5,50,52.49,321.89,-2.00194,-114.703,114.703,24.703,20.297,7.499
757,5,50,52.49,321.85,-0.16515,-9.462,9.462,80.538,35.538,7.499
835,5,50,52.49,321.6,1.68567,96.582,96.582,6.582,38.418,7.499
759,5,50,52.49,321.99,-0.8876,-50.856,50.856,39.144,5.856,7.498
469,5,50,52.49,321.65,2.71183,155.377,155.377,65.377,20.377,7.498
465,5,50,52.49,321.89,-1.93394,-110.807,110.807,20.807,24.193,7.498
986,5,50,52.49,321.7,2.91479,167.006,167.006,77.006,32.006,7.498
719,5,50,52.49,321.66,1.72639,98.915,98.915,8.915,36.085,7.498
848,5,50,52.48,321.75,-3.04753,-174.611,174.611,84.611,39.611,7.498
1054,5,50,52.48,321.75,-3.04753,-174.611,174.611,84.611,39.611,7.498
868,5,50,52.48,321.64,1.96559,112.62,112.62,22.62,22.38,7.497
720,5,50,52.48,321.75,1.344,77.005,77.005,12.995,32.005,7.497
786,5,50,52.48,321.75,1.344,77.005,77.005,12.995,32.005,7.497
974,5,50,52.47,321.88,0.71883,41.186,41.186,48.814,3.814,7.496
855,5,50,52.47,321.97,0.49642,28.443,28.443,61.557,16.557,7.496
896,5,50,52.47,321.96,-1.99906,-114.538,114.538,24.538,20.462,7.496
902,5,50,52.47,321.7,1.93394,110.807,110.807,20.807,24.193,7.496
992,5,50,52.46,322.08,0.588,33.69,33.69,56.31,11.31,7.495
915,5,50,52.46,322.04,-2.70273,-154.855,154.855,64.855,19.855,7.495
888,5,50,52.45,322.03,0.74542,42.709,42.709,47.291,2.291,7.494
884,5,50,52.46,321.8,2.42276,138.814,138.814,48.814,3.814,7.494
734,5,50,52.45,321.84,2.4102,138.094,138.094,48.094,3.094,7.493
473,5,50,52.45,321.97,1.13194,64.855,64.855,25.145,19.855,7.493
799,5,50,52.44,321.96,2.80835,160.907,160.907,70.907,25.907,7.492
814,5,50,52.43,322.18,-2.80765,-160.866,160.866,70.866,25.866,7.49
802,5,50,52.42,322.07,1.64757,94.399,94.399,4.399,40.601,7.489
737,5,50,52.41,322.14,1.20089,68.806,68.806,21.194,23.806,7.488
913,5,50,52.42,322.3,-1.92284,-110.171,110.171,20.171,24.829,7.488
847,5,50,52.41,322.31,-2.64377,-151.477,151.477,61.477,16.477,7.487
852,5,50,52.4,322.22,1.66666,95.492,95.492,5.492,39.508,7.486
987,5,50,52.4,322.21,2.58499,148.109,148.109,58.109,13.109,7.485
735,5,50,52.39,322.19,1.98321,113.629,113.629,23.629,21.371,7.485
885,5,50,52.39,322.19,1.98321,113.629,113.629,23.629,21.371,7.485
1021,5,50,52.4,322.21,-3.04753,-174.611,174.611,84.611,39.611,7.485
455,5,50,52.4,322.25,1.64757,94.399,94.399,4.399,40.601,7.485
761,5,50,52.4,322.61,-1.6421,-94.086,94.086,4.086,40.914,7.485
1008,5,50,52.38,322.45,1.11535,63.905,63.905,26.095,18.905,7.483
1077,5,50,52.38,322.36,1.40259,80.363,80.363,9.637,35.363,7.483
883,5,50,52.37,322.36,2.75407,157.797,157.797,67.797,22.797,7.482
1052,5,50,52.37,322.62,-2.34286,-134.236,134.236,44.236,0.764,7.481
792,5,50,52.37,322.71,-0.86217,-49.399,49.399,40.601,4.399,7.481
696,5,50,52.37,322.77,-2.08319,-119.358,119.358,29.358,15.642,7.481
818,5,50,52.37,322.35,1.83871,105.35,105.35,15.35,29.65,7.481
966,5,50,52.36,322.71,-2.36918,-135.744,135.744,45.744,0.744,7.48
1024,5,50,52.36,322.41,1.99099,114.076,114.076,24.076,20.924,7.48
1057,5,50,52.36,322.41,1.99099,114.076,114.076,24.076,20.924,7.48
733,5,50,52.36,322.43,2.77169,158.806,158.806,68.806,23.806,7.48
1042,5,50,52.35,322.66,0.99834,57.201,57.201,32.799,12.201,7.479
904,5,50,52.35,322.56,1.14879,65.821,65.821,24.179,20.821,7.479
1071,5,50,52.35,322.67,-2.77845,-159.193,159.193,69.193,24.193,7.479
1036,5,50,52.35,322.56,-2.9442,-168.69,168.69,78.69,33.69,7.479
819,5,50,52.35,322.46,1.43699,82.333,82.333,7.667,37.333,7.479
767,5,50,52.34,322.5,2.36953,135.764,135.764,45.764,0.764,7.478
1023,5,50,52.34,322.49,2.42276,138.814,138.814,48.814,3.814,7.478
1038,5,50,52.34,322.53,2.56913,147.201,147.201,57.201,12.201,7.478
768,5,50,52.34,322.49,1.93394,110.807,110.807,20.807,24.193,7.478
795,5,50,52.34,322.82,-1.89255,-108.435,108.435,18.435,26.565,7.478
866,5,50,52.35,322.51,2.84309,162.897,162.897,72.897,27.897,7.478
722,5,50,52.34,322.83,0.57246,32.8,32.8,57.2,12.2,7.477
971,5,50,52.33,322.56,1.9513,111.802,111.802,21.802,23.198,7.476
715,5,50,52.33,322.75,-2.90605,-166.504,166.504,76.504,31.504,7.476
1037,5,50,52.33,322.62,2.96692,169.992,169.992,79.992,34.992,7.476
728,5,50,52.33,322.97,-1.49686,-85.764,85.764,4.236,40.764,7.476
968,5,50,52.33,322.66,3.14159,180,180,90,45,7.476
783,5,50,52.32,322.67,2.5644,146.929,146.929,56.929,11.929,7.474
935,5,50,52.32,322.7,2.57486,147.529,147.529,57.529,12.529,7.474
834,5,50,52.32,322.66,2.11122,120.964,120.964,30.964,14.036,7.474
750,5,50,52.31,322.71,2.57486,147.529,147.529,57.529,12.529,7.473
934,5,50,52.31,322.77,2.91479,167.006,167.006,77.006,32.006,7.473
468,5,50,52.31,322.8,3.14159,180,180,90,45,7.473
886,5,50,52.31,322.77,1.58898,91.042,91.042,1.042,43.958,7.472
749,5,50,52.29,322.89,3.02887,173.541,173.541,83.541,38.541,7.47
969,5,50,52.28,322.9,2.72918,156.371,156.371,66.371,21.371,7.469
1003,5,50,52.29,322.93,3.08396,176.698,176.698,86.698,41.698,7.469
870,5,50,52.27,323,1.18327,67.797,67.797,22.203,22.797,7.468
771,5,50,52.27,323.24,0.71883,41.186,41.186,48.814,3.814,7.467
905,5,50,52.27,323.24,0.71883,41.186,41.186,48.814,3.814,7.467
472,5,50,52.27,323.02,1.55193,88.919,88.919,1.081,43.919,7.467
903,5,50,52.27,323.01,1.5708,90,90,0,45,7.467
770,5,50,52.27,323.19,1.14103,65.376,65.376,24.624,20.376,7.466
736,5,50,52.25,323.13,1.5708,90,90,0,45,7.465
457,5,50,52.25,323.31,0.90483,51.843,51.843,38.157,6.843,7.464
1001,5,50,52.25,323.31,-2.47886,-142.029,142.029,52.029,7.029,7.464
1059,5,50,52.24,323.21,1.21418,69.567,69.567,20.433,24.567,7.463
849,5,50,52.24,323.18,2.86329,164.055,164.055,74.055,29.055,7.463
812,5,50,52.23,323.53,-2.04292,-117.051,117.051,27.051,17.949,7.461
474,5,50,52.22,323.46,0.71883,41.186,41.186,48.814,3.814,7.46
705,5,50,52.22,323.52,0.66273,37.972,37.972,52.028,7.028,7.46
817,5,50,52.22,323.26,2.23353,127.972,127.972,37.972,7.028,7.46
931,5,50,52.22,323.54,-2.17996,-124.903,124.903,34.903,10.097,7.46
939,5,50,52.22,323.38,0.98806,56.612,56.612,33.388,11.612,7.46
831,5,50,52.22,323.5,-2.99178,-171.417,171.417,81.417,36.417,7.459
951,5,50,52.21,323.41,2.97339,170.363,170.363,80.363,35.363,7.458
967,5,50,52.2,323.54,-2.76468,-158.405,158.405,68.405,23.405,7.457
699,5,50,52.2,323.4,3.04192,174.29,174.29,84.29,39.29,7.457
919,5,50,52.19,323.44,2.04329,117.072,117.072,27.072,17.928,7.456
862,5,50,52.19,323.74,-1.89853,-108.778,108.778,18.778,26.222,7.456
1070,5,50,52.19,323.72,-2.46107,-141.009,141.009,51.009,6.009,7.455
954,5,50,52.18,323.59,1.82516,104.574,104.574,14.574,30.426,7.454
983,5,50,52.17,323.89,-2.19543,-125.789,125.789,35.789,9.211,7.453
746,5,50,52.17,323.9,-2.09223,-119.876,119.876,29.876,15.124,7.453
932,5,50,52.17,323.81,-2.57909,-147.771,147.771,57.771,12.771,7.452
779,5,50,52.16,323.88,-2.07609,-118.951,118.951,28.951,16.049,7.452
467,5,50,52.17,323.85,-2.8023,-160.56,160.56,70.56,25.56,7.452
829,5,50,52.16,323.96,-2.15354,-123.389,123.389,33.389,11.611,7.451
936,5,50,52.16,323.64,2.1274,121.891,121.891,31.891,13.109,7.451
453,5,50,52.15,323.67,2.4102,138.094,138.094,48.094,3.094,7.45
881,5,50,52.15,323.92,-2.7367,-156.802,156.802,66.802,21.802,7.45
820,5,50,52.14,323.86,1.05635,60.524,60.524,29.476,15.524,7.449
955,5,50,52.14,323.78,1.41815,81.254,81.254,8.746,36.254,7.449
731,5,50,52.13,324.09,-2.71959,-155.821,155.821,65.821,20.821,7.447
1005,5,50,52.12,323.87,2.27305,130.236,130.236,40.236,4.764,7.446
854,5,50,52.12,324.12,0.89606,51.34,51.34,38.66,6.34,7.446
816,5,50,52.12,323.85,2.71183,155.377,155.377,65.377,20.377,7.446
1058,5,50,52.12,323.96,1.61159,92.337,92.337,2.337,42.663,7.446
754,5,50,52.11,324.14,0.99834,57.201,57.201,32.799,12.201,7.445
900,5,50,52.1,324.02,2.72918,156.371,156.371,66.371,21.371,7.443
887,5,50,52.09,324.13,1.20765,69.193,69.193,20.807,24.193,7.442
832,5,50,52.09,324.14,2.92916,167.829,167.829,77.829,32.829,7.441
718,5,50,52.08,324.12,2.1274,121.891,121.891,31.891,13.109,7.44
797,5,50,52.08,324.36,-2.66071,-152.447,152.447,62.447,17.447,7.44
933,5,50,52.08,324.22,-2.9442,-168.69,168.69,78.69,33.69,7.44
867,5,50,52.07,324.17,2.39727,137.353,137.353,47.353,2.353,7.439
800,5,50,52.07,324.21,2.43934,139.764,139.764,49.764,4.764,7.439
984,5,50,52.06,324.41,-2.60788,-149.421,149.421,59.421,14.421,7.437
970,5,50,52.05,324.3,2.39617,137.291,137.291,47.291,2.291,7.436
726,5,50,52.05,324.67,-0.87606,-50.194,50.194,39.806,5.194,7.436
796,5,50,52.06,324.5,-2.22187,-127.304,127.304,37.304,7.696,7.436
806,5,50,52.05,324.63,0.07394,4.236,4.236,85.764,40.764,7.436
846,5,50,52.05,324.66,-2.21057,-126.656,126.656,36.656,8.344,7.435
1060,5,50,52.04,324.64,0.82538,47.291,47.291,42.709,2.291,7.434
901,5,50,52.04,324.4,2.39617,137.291,137.291,47.291,2.291,7.434
764,5,50,52.04,324.65,-2.8023,-160.56,160.56,70.56,25.56,7.434
721,5,50,52.02,324.59,1.0083,57.771,57.771,32.229,12.771,7.432
1041,5,50,52.03,324.53,1.33971,76.76,76.76,13.24,31.76,7.432
1007,5,50,52.02,324.57,1.47494,84.508,84.508,5.492,39.508,7.432
873,5,50,52.02,324.75,0.03702,2.121,2.121,87.879,42.879,7.432
701,5,50,52.01,324.53,2.22187,127.304,127.304,37.304,7.696,7.431
815,5,50,52.01,324.66,3.10315,177.798,177.798,87.798,42.798,7.431
1039,5,50,52.01,324.58,2.14326,122.8,122.8,32.8,12.2,7.429
880,5,50,52,324.97,-2.3825,-136.508,136.508,46.508,1.508,7.428
704,5,50,52,324.81,1.06551,61.049,61.049,28.951,16.049,7.428
804,5,50,51.99,324.92,0.79873,45.764,45.764,44.236,0.764,7.427
953,5,50,51.98,324.75,2.15354,123.389,123.389,33.389,11.611,7.426
782,5,50,51.98,324.8,3.00519,172.185,172.185,82.185,37.185,7.425
762,5,50,51.96,325.21,-1.9407,-111.194,111.194,21.194,23.806,7.423
787,5,50,51.95,325.03,1.0083,57.771,57.771,32.229,12.771,7.422
751,5,50,51.94,325.02,2.1588,123.69,123.69,33.69,11.31,7.419
784,5,50,51.94,325.02,2.1588,123.69,123.69,33.69,11.31,7.419
991,5,50,51.93,325.21,0.96757,55.438,55.438,34.562,10.438,7.418
1004,5,50,51.91,325.2,2.66947,152.95,152.95,62.95,17.95,7.416
864,5,50,51.91,325.41,-2.7367,-156.802,156.802,66.802,21.802,7.416
700,5,50,51.91,325.24,2.65376,152.049,152.049,62.049,17.049,7.415
1053,5,50,51.91,325.44,-2.7367,-156.802,156.802,66.802,21.802,7.415
1020,5,50,51.9,325.49,-2.69549,-154.44,154.44,64.44,19.44,7.414
781,5,50,51.89,325.42,-2.86858,-164.358,164.358,74.358,29.358,7.413
753,5,50,51.89,325.42,1.3734,78.69,78.69,11.31,33.69,7.413
869,5,50,51.89,325.37,1.64757,94.399,94.399,4.399,40.601,7.413
703,5,50,51.86,325.59,1.4317,82.03,82.03,7.97,37.03,7.408
922,5,50,51.83,326.03,0.9234,52.907,52.907,37.093,7.907,7.404
837,5,50,51.82,325.91,0.97238,55.713,55.713,34.287,10.713,7.403
713,5,50,51.82,326.1,-2.10808,-120.784,120.784,30.784,14.216,7.403
973,5,50,51.82,325.89,1.1506,65.925,65.925,24.075,20.925,7.403
1035,5,50,51.81,326.02,-2.59121,-148.465,148.465,58.465,13.465,7.402
949,5,50,51.76,326.38,-2.55359,-146.31,146.31,56.31,11.31,7.395
830,5,50,51.74,326.51,-2.60117,-149.036,149.036,59.036,14.036,7.392
470,5,50,51.73,326.34,2.38321,136.548,136.548,46.548,1.548,7.39
730,5,50,51.69,327.04,-2.27942,-130.601,130.601,40.601,4.399,7.384
914,5,50,51.69,326.9,-2.25132,-128.991,128.991,38.991,6.009,7.384
697,5,50,51.64,327.33,-2.52782,-144.834,144.834,54.834,9.834,7.377
714,5,50,51.59,327.45,-2.57486,-147.529,147.529,57.529,12.529,7.371
863,5,50,51.53,327.88,-2.27741,-130.486,130.486,40.486,4.514,7.362
780,5,50,51.51,327.97,-2.53243,-145.098,145.098,55.098,10.098,7.359
833,5,50,51.46,328.04,2.51696,144.211,144.211,54.211,9.211,7.352
1019,5,50,51.46,328.38,-2.28963,-131.186,131.186,41.186,3.814,7.351
897,5,50,51.39,328.82,-2.31622,-132.71,132.71,42.71,2.29,7.341
466,5,50,51.36,328.97,-2.32917,-133.452,133.452,43.452,1.548,7.338
763,5,50,51.34,329.19,-2.43498,-139.514,139.514,49.514,4.514,7.334
813,5,50,51.28,329.49,-2.50575,-143.569,143.569,53.569,8.569,7.325
747,5,50,51.25,329.71,-2.51696,-144.211,144.211,54.211,9.211,7.321
